LouvainCommunity,LouvainCommunity,weight
8,8,6085.75
2,2,-7566.08
18,76,-8076.29
18,68,2694.83
2,68,-8820.5
8,68,3599.85
17,76,-6956.32
2,17,-4294.31
8,17,930.894
18,73,-2618.42
8,73,-2942.21
21,68,3855.58
2,21,9107.28
21,21,-5413.87
65,73,-861.259
65,76,6937.2
65,68,-4039.45
17,65,4266.39
65,65,-2926.15
76,79,3368.65
68,73,7833.34
17,79,-1460.08
21,79,-1576.32
9,17,-2940.11
8,9,262.609
2,9,4361.19
11,21,7150.48
8,11,4475.61
2,73,-9420.86
11,11,-8466.46
0,11,7348.85
0,65,-2868.07
0,2,-8393.11
0,76,-5947.48
0,79,4233.13
0,17,3530.58
0,73,-3798.55
0,9,9924.2
0,0,5406.89
9,83,1849.11
76,83,3255.88
79,83,-9771.53
2,83,-2369.16
18,90,4483.09
0,90,9279.96
8,90,-545.789
9,90,-6550.93
2,90,-9845.43
17,90,7081.59
11,90,8610.77
11,34,8899.25
2,34,-8480.33
17,34,-9984.32
9,34,-2158.84
21,34,9483.18
5,34,834.852
5,18,-2619.86
5,8,4240.5
8,57,-1046.52
57,73,3687.26
57,79,5809.42
57,90,9949.13
0,57,5731.5
65,93,-5112.84
76,93,8575.44
79,93,-2904.93
9,93,8070.39
20,79,-2040.59
5,20,-2834.46
20,68,774.945
2,20,-9559.31
0,20,3891.16
20,34,-322.857
17,20,-8685.09
20,76,3006.34
9,49,4505.49
17,49,-3259.89
49,83,-2343.54
5,49,-2250.25
34,49,-3567.45
49,73,847.333
49,93,5951.95
56,93,-7195.59
56,76,9178.85
0,56,8478.88
9,56,-6734.8
5,56,9381.58
56,68,-3090.45
2,56,-7697.89
34,56,4222.51
88,90,6749.21
49,88,-3189.61
73,88,-6660.5
11,88,-2411
88,93,-6861.34
5,88,8339.18
56,82,-3112.82
2,82,2599.35
5,82,3806.26
0,93,-9132.57
68,82,3686.23
18,82,3743.92
73,82,3564.97
17,82,1116.15
82,93,7987.41
79,82,-8631.73
82,90,2474.68
9,82,-405.213
27,79,3672.49
5,27,7073.01
27,83,-4581.95
0,27,6508.54
18,27,3691.78
20,57,-2016.61
20,27,3093.35
8,27,1751.32
27,27,843.132
33,83,-2016.71
33,49,8065.5
18,33,3980.15
17,33,-6424.89
33,34,122.935
33,93,-5330.01
8,49,-2492.35
20,33,4685.84
33,82,-2353.48
2,33,-2075.01
33,79,-1365.37
9,33,4748.58
90,90,-7053.27
47,73,5760.17
5,47,8434.29
27,47,-8076.25
47,88,7524.19
9,47,3828.25
8,47,1867.01
47,79,6972.85
20,47,-7756.82
47,93,-2508.97
47,83,-417.078
47,49,-5567.84
47,68,-1276.6
21,47,-4137.16
21,91,3714.56
82,91,5143.4
9,91,-311.037
17,91,2341.25
57,91,9120.7
0,91,-4366.78
76,91,-4739.36
11,91,8463.89
20,91,-4303.92
5,91,-3669.75
83,91,7429.58
73,91,-8046.82
65,91,16.8085
66,73,2494.48
0,66,4968.06
34,66,4536.57
8,66,5850.04
79,88,-7737.44
18,66,-7159.83
66,68,9971.13
66,79,-5020.86
5,66,-7035.55
17,66,1042.6
33,66,-8389.06
66,93,-707.7
27,66,-8693.56
66,76,-1104.35
2,66,658.672
13,83,-8850.64
13,49,-2151.17
13,34,9730.86
13,65,-7407.73
13,82,5064.06
13,18,9430.25
13,88,-3949.53
54,90,1819.62
49,54,-2815.37
54,88,5867.57
0,54,-1491.44
54,56,6306.27
54,83,3769.96
9,54,9797.87
54,73,-3468.83
54,76,7378.94
5,54,2185.48
54,54,1287.45
14,49,8652.68
5,14,-7435.43
14,57,4644.67
14,21,2870.68
14,91,3287.09
2,79,-4591.38
11,14,-8606.02
14,56,519.78
14,76,-122.152
14,34,-1713.71
14,18,-6394.63
14,83,7699.84
14,79,-6978.82
37,57,9462.46
17,37,-9594.24
2,37,2855.19
37,79,-7497.81
27,37,1549.89
37,47,2333.2
37,91,771.338
8,37,4928.92
37,90,1999.27
37,66,-3220.99
62,68,9289.06
49,62,7684.08
34,62,-9610.05
62,66,-5856.14
62,91,7805.78
2,62,8076.41
62,79,9307.53
56,62,-2383.15
62,83,-6531.64
47,62,1024.47
9,62,4619.91
51,62,-5273.33
37,51,2624.05
11,13,-7134.31
51,73,6731.63
27,51,9126.19
51,88,-471.293
17,51,7707.26
57,66,-866.672
51,66,-3324.76
51,82,7617.78
18,51,5123.14
20,51,5323.52
65,66,-76.2713
14,51,-7123.02
13,51,6581.61
9,51,1694.58
21,93,-6820.94
8,51,9102.83
51,90,9527.88
56,90,-4685.6
51,68,3369.9
5,51,3001.86
17,47,2739.71
51,79,-323.855
51,93,5520.01
69,82,5218.29
11,69,4165.48
14,69,-4638.86
18,69,-8132.4
8,69,-5865.35
20,69,4454.51
0,69,-3634.65
69,73,-4938.2
66,69,-8631.6
57,69,-6707.76
27,69,-7455.88
69,93,-8472.77
54,69,9239.41
68,69,-9182.72
37,69,2919.76
56,69,2584.57
13,69,7062.14
19,69,-6554.09
19,82,-2704.23
2,19,-7890.45
19,27,-1985.8
73,79,6365.36
18,19,-1586.36
19,76,-8775.09
19,65,-8469.13
19,83,-9504.83
19,68,-2197.86
19,73,2728.48
19,34,3058.89
0,19,-2939.99
19,91,-7174.77
19,62,-4872.32
19,20,8596.51
19,51,-1387.51
13,19,8011.01
37,52,-110.087
27,88,4576.22
52,76,2915.46
52,79,-8154.04
49,52,-8875.87
52,65,-2668.96
27,52,-6957.79
13,52,-2735.93
8,52,5710.25
52,56,7257.01
5,52,5369.88
52,82,6759.2
2,52,599.62
54,93,-5956.24
52,73,1265.13
52,90,1646.86
52,68,-3664.27
47,52,7146.9
21,52,-6413.34
83,99,6826.96
11,27,3736.29
69,99,2418.27
11,20,-9927.87
5,99,-3601.57
0,18,397.478
66,99,5575.95
37,99,8238.26
51,99,-6031.46
65,99,-8002.76
79,99,654.433
2,49,-9454.6
54,99,3696.74
47,99,-87.5091
9,99,1400.51
68,99,-8080.77
14,99,-9564.02
0,99,8012.16
62,99,-7240.41
86,93,-5315.79
66,86,7410.06
11,79,-1918.53
54,86,-7547.16
65,86,9119.39
0,86,-9415.56
82,86,-7596.23
5,86,-7362.27
33,86,5569.81
76,86,-2910.55
86,91,1919.5
18,86,1070.33
34,86,9501.2
79,86,1775.63
20,86,3235.1
21,86,-4977.22
5,93,5769.42
57,86,4078.49
47,86,5844.59
18,88,3127.78
49,86,8665.36
37,86,-8043.35
2,86,4172.21
99,99,-4178.99
35,88,9466.48
35,57,5274.99
21,35,-5266.4
5,33,3912.91
69,91,-6939.94
13,35,-9326.21
35,62,3738.48
35,65,1092.45
14,35,3081.89
56,83,-5160.09
35,68,-6416.96
35,37,-6609.58
27,86,2216.95
0,35,3588.14
11,35,7305.45
19,35,-1057.94
35,73,-893.72
35,91,7908.14
35,66,1921.54
35,93,-5237.73
35,47,-7231.18
57,62,8403.16
5,35,5748.07
34,52,3203.93
35,52,-6261.44
35,90,726.462
2,35,3332.92
8,35,-511.415
9,35,-7935.47
20,82,5979.84
34,35,3751.52
33,35,6377.65
35,76,2706.56
35,82,-8655.59
27,36,981.526
36,47,-6057.8
21,36,-8769
36,76,-3660.62
36,62,-7925.96
36,56,8039.14
36,83,-4648.93
2,36,7335.8
36,88,-3375.89
36,82,-8076.88
36,49,537.145
76,82,5608.35
36,57,9683.7
36,93,-5364.08
20,36,3408.42
36,69,2067.89
36,99,-7829.71
36,37,-8309.34
36,79,-2296.46
36,91,9343.6
36,73,-6963.2
36,36,742.084
60,93,483.309
54,60,4204.72
60,69,6063.24
60,79,-1425.17
60,68,3204.64
56,60,-8802.04
60,62,8789.98
18,37,7280.95
60,73,-8362.32
60,91,-4769.78
52,60,-5293.7
20,60,-6802.08
13,60,-2524.73
51,60,8306.15
57,60,-956.726
9,60,1405.64
41,99,3908.13
17,41,-479.616
41,57,5539.5
9,41,-6199.72
41,68,-3392.81
18,41,5850.87
41,69,-6378.27
14,68,3180.94
41,88,-6978.76
27,73,8872.99
20,41,-6983.14
8,41,-5762.21
27,41,3736.15
35,41,-9578.03
11,41,7273.02
5,41,-9265.71
36,41,-5787.35
41,90,-3230.4
41,47,7650.93
11,47,-7357.42
41,76,-2696.68
33,41,8100.54
41,73,-8784.03
41,41,9806.93
27,29,2881.75
29,68,-2327.25
19,29,-5065.39
29,83,1932.22
2,29,-7870.03
5,36,9737.16
29,76,4613.12
29,66,-989.464
29,57,9955.01
17,29,-8470.23
11,29,8142.98
29,88,9866.59
29,69,1598.74
29,56,3875.86
29,91,-7879.04
29,73,-2267.76
29,37,-6005.61
29,99,-3663.86
29,36,-8274.13
52,86,889.755
29,62,1277.34
29,82,-9877.92
54,82,-2631.01
29,49,-3820.9
20,29,-6737.17
52,69,-8928.07
29,90,-743.125
29,47,2066.42
29,51,-532.951
62,77,1481.27
8,77,-4261.91
77,86,-1324.17
60,76,-4440.66
49,77,-3011.68
77,79,-1692.48
34,77,-1168.11
36,77,2370.56
9,77,-7567.78
35,77,5510.27
11,77,-9284.15
14,77,-6257.59
0,77,-1186.85
41,77,2426.55
8,93,-5126.05
68,77,4129.33
57,77,1465.24
54,77,-4194.05
21,77,-1300.45
20,77,-2782.09
77,77,2914.73
16,77,-1313.93
16,19,6952.59
16,41,7104.73
16,62,7301.9
16,57,-506.125
8,16,-9584.48
16,73,2076.36
16,76,5058.91
16,21,-7049.65
16,88,-6153.48
16,99,8919.45
11,16,-1315.21
34,37,285.989
16,47,816.424
5,16,-1284.25
13,16,6506.36
16,83,-982.213
16,51,-2389.87
2,16,3684.99
21,49,5008.41
16,49,122.931
16,86,9506.86
16,27,-3046.04
2,57,-1559.07
16,17,-7204.24
16,18,799.98
16,54,-8975.44
16,34,-2205.67
16,60,-564.768
9,16,301.195
16,82,5640.76
16,16,9436.37
60,77,5141.39
15,49,-8399.22
15,76,9428.8
15,29,5504.51
15,20,7053.2
15,68,-9912.36
15,57,-6191.12
0,8,-6931.49
15,88,-7598.81
52,99,1682.95
15,83,1367.92
15,60,1658.04
15,33,-2856.27
13,33,5323.26
15,17,2179.81
15,54,1865.05
15,66,6183.82
15,27,8299.54
15,79,-3150.85
15,91,7809.75
15,52,-3398.81
21,57,-459.66
2,15,-3667.19
13,15,-6577.4
15,35,3132.49
15,82,2122.07
41,54,4495.92
8,15,-9674.91
29,41,9264.02
15,19,-6751.26
15,99,-1038.79
15,77,-9529.31
15,71,4661.88
18,77,4686.9
11,71,6664.65
57,71,9350.78
71,82,8211.19
9,71,-5896.11
5,71,-7888.9
19,71,-1746.41
52,71,-9824.75
71,77,-7776.21
60,86,-3670.93
34,71,8097.5
36,71,-6418.88
69,71,4004.63
13,17,-3456.32
71,73,483.242
14,93,-5716.72
71,79,-5664.56
18,71,287.8
62,71,-1741.07
76,99,-4209.68
65,71,5043.94
0,71,3540.62
13,71,-6146.44
56,71,-5771.93
21,71,-9337.92
8,71,4040.63
68,71,-291.141
47,71,-1772.27
71,71,6996.17
26,56,5322.44
5,65,-54.9974
26,29,9644.74
21,26,-3594.35
26,76,-5809.22
26,34,-895.168
26,54,-4076.94
26,68,-8795.33
26,33,-4747.58
26,62,-4673.72
26,52,-5739.62
49,57,-5351.67
2,26,-8153.31
26,37,-8150.81
26,83,8896.01
26,27,5464.7
26,50,-5118.91
50,86,1110.87
50,52,-7542.58
50,77,-1509.64
50,65,5697.8
29,50,-1792.14
50,54,-8263
50,82,7005.19
50,73,-9168.04
50,69,4571.36
14,66,8284.74
49,50,-1849.75
37,50,-780.366
50,71,-4750.76
33,54,9172.06
50,83,3333.3
19,50,3801.43
15,50,-1675.6
35,50,2672.14
20,50,-8699.45
14,50,9910.53
2,50,-4729.32
50,60,-9605.52
2,14,-5017.26
18,50,-831.277
68,76,-5576.23
26,65,-8051.01
50,56,2045.48
14,29,1869.58
27,50,1672.55
50,66,2131.96
50,99,-7084.9
50,50,-5712.88
45,60,2133.31
45,86,9350.68
45,56,-4238.62
15,45,-7242.2
21,45,-6064.39
88,91,-9600.66
36,45,975.373
9,45,-3210.14
11,45,3904.35
45,69,9849.23
45,73,-241.628
29,45,2958.34
0,45,5353.06
11,17,5258.77
9,26,9843.42
45,49,-7751.86
0,13,7906.41
45,71,8847.79
45,82,3531.66
20,83,-2563.6
45,91,6687.67
14,45,-6107.26
45,77,-4010.4
34,45,7230.56
0,60,-8206.54
41,45,-3873.43
45,79,-627.246
0,51,-5277.15
45,47,3031.25
8,45,-9460.59
35,45,-7154.02
45,99,-5832.74
16,45,9325.82
20,45,-3319.29
19,45,9727.8
45,90,8858.9
9,86,6107.16
45,45,-5295.38
63,82,7853.76
63,66,2387.99
63,88,2984.06
27,63,8042.02
33,90,1252.81
21,63,-1021.58
21,83,3812.21
26,63,724.817
62,63,-3097.56
68,90,-4550.04
57,88,-3551.2
9,63,2346.28
63,91,8768.83
63,79,-271.753
14,63,4389.79
68,68,-2117.19
11,33,-5922.8
16,63,8851.66
13,79,-6805.73
17,63,-4820.57
35,63,-2593.57
11,63,-7963.4
34,63,-588.201
49,63,-1205.81
27,71,-125.608
5,50,-5059.84
63,86,-3409.82
60,63,1451.02
34,99,-1637.07
18,63,-4387.25
0,88,-8541.47
20,63,4803.64
14,88,8762.52
54,63,660.192
63,99,9505.8
9,66,3899.15
19,63,8896.77
63,63,3960.18
11,95,-8684.63
62,73,-5958.99
20,95,-9762.32
77,91,2017.71
95,99,-8140.51
37,95,24.5393
0,41,9241.6
83,95,-8383.51
17,36,-966.497
66,95,-9832.24
19,26,9302.67
69,95,8951.24
91,95,7366.78
33,95,2777.69
73,95,6020.3
27,95,6414.25
68,95,4420.94
68,91,-9250.02
62,95,8415.53
34,50,-8934.14
21,95,-8846.5
11,73,-7268.55
34,95,5025.36
26,79,-7086.63
17,95,-9946.69
82,95,-2636.66
13,95,-1692.13
0,49,-3750.02
51,95,-8606.54
36,95,-215.803
19,79,3839.7
29,95,3172.67
0,82,3359.69
2,95,5694.41
79,95,-8559.75
54,95,5329.35
0,95,-9164.89
26,95,5071.04
33,33,-745.227
19,95,-11.7167
95,95,-5473.78
6,47,-1332.04
6,36,-4630.73
6,90,1879.5
6,99,5462.85
6,9,9306
6,49,-6294.74
6,60,1297.32
6,73,9154.49
6,77,-8231.68
6,65,3462.19
6,71,-794.446
34,93,-2749.15
6,54,5201.07
6,56,3918.3
6,8,8165.04
6,19,-4003.91
76,90,6151.59
6,17,6916.51
0,6,-9525.49
6,41,-2689.3
6,91,-5277.5
27,49,-9950.83
6,14,-4422.77
11,99,-9693.9
77,82,2053.52
6,15,5920.62
6,18,-6290.44
6,69,-8824.8
6,57,7939.57
47,66,5111.28
6,82,-36.5965
18,26,9197.41
6,68,-1857.81
6,52,8711.27
6,93,8022.35
6,79,-1146.73
6,27,9169.34
45,62,-8480.93
27,81,3981.87
37,81,4704.04
54,81,-8554.28
29,81,-4373.45
69,77,-3949.18
71,86,2067.32
81,88,-6580
17,81,4953.59
20,81,9396.66
62,81,-2975.96
34,83,-5275.69
37,83,-8549.91
16,81,-5195.42
81,90,4783.6
81,86,6881.75
81,99,-6344.39
2,81,2975.74
41,66,6910.29
66,81,-126.717
66,77,-105.822
63,81,-7606.53
81,91,-7069.8
81,93,-8808.33
21,82,-2363.82
57,81,-759.769
56,81,2248.48
52,81,6680.01
33,81,7848.48
76,81,7028.94
8,81,3542.22
79,81,-8322.22
45,54,9579.75
49,81,1600.84
41,81,3555.03
14,81,5594.22
26,81,-1202.24
18,35,8931.4
57,75,9795.91
56,75,3583.54
73,75,-200.857
56,77,-1527.3
19,75,9743.2
34,75,1242.95
75,86,-3542.73
47,75,4818.48
69,75,-7055.57
62,75,-6919.95
49,75,8563.63
75,88,-5543.78
63,75,3307.88
41,75,-3471.05
75,95,123.577
20,75,1399.36
75,77,8924.33
37,75,1913.77
11,75,-4843.19
50,75,1003.47
15,75,4442.02
13,75,-7860.11
68,75,9322.74
49,66,-3125.32
75,93,1203.39
75,90,2066.56
60,75,-975.235
27,90,-5.24435
75,82,-9829.88
75,91,7304.41
75,75,-2011.08
10,13,9578.18
10,27,3190.47
10,56,8608.88
10,60,-4703.77
41,62,-4857.52
10,36,-6761.93
10,18,-6307.16
10,99,5823.23
10,54,7758.2
10,47,-9880.74
10,93,5658.07
10,79,4544.06
9,10,9618.98
10,81,-9804.16
17,83,9186.66
60,90,5768.65
36,75,-3619.06
10,35,6239.43
10,26,-5310.56
10,68,6489.25
10,14,-9224.72
10,16,-2852.58
10,91,-6486.87
21,50,8890.13
10,21,1446.53
10,63,4426.23
10,52,7695.37
13,93,-7506.65
16,37,-7350.97
10,71,954.257
10,49,5592.27
73,93,-8203.36
10,34,-7223.41
10,32,-3279.68
36,65,-8778.07
32,60,-516.305
49,76,3417.87
32,88,-9478.15
32,73,5810.95
6,32,-7377.99
18,47,4065.99
32,77,146.332
16,20,-3886.23
27,32,-2360.06
26,66,-9319.86
32,57,-8340.46
32,91,36.7638
11,32,-1714.21
17,32,-4913.49
32,71,3364.26
10,66,-7968.46
32,62,2506.96
32,95,8378.89
32,75,2276.76
32,99,6638.47
32,63,3318.56
32,83,1408.26
32,69,5423.15
32,41,3971.47
32,35,6673.86
32,82,-4040.28
0,32,1198.55
13,81,6595.51
16,32,6102.68
8,34,9892.57
29,32,1675.22
32,81,-5308.35
37,63,-64.5127
32,49,-1803.57
20,32,-9359.27
18,32,-7072.25
69,69,3598.47
13,32,2362.58
20,71,-2669.39
9,32,9092.97
32,66,-8166.46
2,32,6720.9
42,77,738.019
42,68,3989.08
42,99,-3408.5
27,42,2923.15
33,42,-8939.35
42,57,-6662.19
42,90,137.592
42,63,-9035.68
42,65,760.791
42,83,191.273
14,33,-7299.81
29,42,5532.01
57,68,8497.24
13,42,4264.42
42,86,1703.41
0,81,-7083.58
42,95,-3396.99
71,75,-9892.14
42,81,-1854.08
10,17,-596.218
15,42,-356.241
14,65,-6614.13
19,42,-3446.91
41,42,-1871.57
6,42,3151.46
21,42,8166.71
10,42,3897.23
2,42,-8235.89
19,60,6734.68
0,42,-4090.43
18,42,-9079.8
35,69,3519.45
42,60,-6142.89
8,42,-4399.8
42,69,-4904.72
37,42,7344.9
18,18,-5956.19
35,42,-1413.77
42,45,8010.33
42,54,913.951
9,48,-8399.83
33,75,4295.23
35,48,7386.48
33,57,3248.8
48,76,3675.04
32,56,6321.68
15,48,4204.7
48,99,7471.57
13,54,-9535.57
48,90,-7280.31
11,48,-5169.07
47,48,4395.94
48,77,3484.8
26,26,5746.88
45,48,-5489.07
37,37,7440.48
18,29,5084.78
26,88,-6256.49
48,82,3745.66
20,48,-4174.43
48,60,-6579.08
8,18,1634.02
42,42,-2573.48
5,48,-1031.46
77,90,-4286.16
21,48,-2500.73
13,48,3766.24
21,69,-9897.9
48,63,1965.63
48,88,1912.1
16,48,1868.34
48,49,4612.85
18,99,-6200.01
49,95,8015.02
48,54,-5156.08
48,52,-5704.03
37,48,-5043.56
48,93,9110
8,13,9509.66
27,48,7593.71
32,48,-5975.7
6,48,-1279.73
48,48,2330.14
9,15,227.474
25,95,7891.72
18,25,-5341.11
25,36,-4443.98
17,93,7937.14
26,57,-7106.87
25,99,-4040.53
25,26,9485.03
17,88,-9015.95
9,25,-955.564
25,60,3703.05
5,25,802.349
25,90,363.225
25,63,1572.05
25,69,-9360.9
25,86,-7968.67
36,90,-4793.29
16,66,3760.64
0,50,6496.27
25,88,-8911.88
47,90,3834.15
25,57,1644.08
25,82,261.663
9,68,-5785.63
10,25,-3948.29
25,51,473.528
25,47,-7193.78
54,91,9637.26
25,65,2834.46
17,57,8287.85
25,68,-3093.7
25,77,-6150.23
42,52,1537.13
11,25,-4498.75
11,66,-9773.78
25,50,5470.28
69,88,-2839.41
51,77,8491.7
25,81,6460.56
25,34,-4865.61
25,42,6342.36
2,41,-5452.35
25,29,-4492.29
2,25,-1385.22
0,15,4452.23
25,49,-6486.23
17,25,9505.73
51,91,1013.69
52,88,3311.94
15,25,-1478.67
25,73,454.207
25,79,1486.88
36,51,-2436.53
0,25,872.82
25,76,-8113.63
64,66,4263.1
64,79,-3821.54
64,91,1606.14
64,90,110.665
64,81,-7861.23
11,64,-4693.78
34,64,5588.48
14,64,1305.93
64,86,-7427.38
41,64,3280.96
27,64,1535.81
48,64,-4431.09
21,64,-2699.55
14,15,5770.15
60,64,-7299.93
15,64,-6329.03
62,64,-5003.87
20,64,682.81
17,64,8276.95
64,95,6172.66
13,64,1242.72
36,81,-3452.69
64,77,-4905.89
8,64,-5283.59
18,64,-9318.7
29,64,8347.04
35,64,5361.87
47,64,-4473.18
33,37,-3066.89
9,64,6190.17
10,86,-1558.83
57,64,8183.01
47,47,158.474
19,64,3873.51
45,64,-3119.42
64,64,-5823.08
31,34,9001.35
2,54,-5859.61
31,76,-5449.76
15,47,-1950.98
31,60,-452.599
31,68,-3100.6
26,36,5198.34
31,54,879.522
31,73,6641.39
31,32,2166.05
0,31,9540.8
63,64,-4463.65
31,45,-778.919
26,31,4958.27
25,31,6348.94
31,49,8441.47
8,31,5870.94
31,37,-4968.05
33,64,-9611.96
27,31,62.8417
57,83,-7318.55
11,42,-2179.81
9,31,-9989.53
18,31,-8384.23
15,31,-7738.17
14,31,1191.39
31,48,5526.1
31,93,8737.8
13,31,-1348.98
20,31,-381.077
26,42,-1329.72
31,90,-4557.43
31,79,-2738.57
32,65,-6222.48
16,31,-4182.94
31,95,-2146.49
31,56,-2514.81
31,62,-9360.48
31,42,2823.32
31,31,-9948.07
25,45,-9215.51
31,98,-3223.98
31,88,2481.19
50,98,465.067
8,98,5177.24
64,65,-409.173
86,98,9815.99
27,56,-3007.16
17,98,-6641.37
65,98,1169.84
13,98,7001.31
26,98,9746.58
81,98,-3752.58
19,98,7157.37
75,98,5414.86
6,37,-6468.82
25,98,4715.04
42,98,-7153.28
50,95,6001.21
64,98,4247.26
41,98,-6446.72
98,99,8930.97
41,56,5148.06
10,98,-9931.41
51,76,2646.13
48,98,-320.972
26,48,551.526
60,98,-1580.94
93,98,5088.11
90,98,6151.51
11,98,-4048.88
69,98,8337.24
76,98,2128.56
14,71,8902.34
27,98,9630.49
13,14,2394.63
62,93,9118.73
14,98,5262.22
32,98,-8155.36
0,98,5608.71
45,98,-786.005
35,98,5913.32
54,98,2000.5
71,98,-2388.5
79,79,-9120.06
95,98,-5445.79
26,60,-2606.18
31,52,-6311.96
18,98,-9756.09
63,65,1832.28
57,98,2839.36
37,71,-4258.07
73,98,-7860.46
47,82,-3890.93
6,98,7300.72
63,98,-6393.97
9,9,4197.3
56,98,-3842.63
13,73,-3675.14
34,53,-202.373
49,53,-505.98
53,88,710.761
48,53,-2207.17
5,9,1338.23
32,53,-6562.62
14,53,6491.74
47,53,3902.91
53,91,-2901.48
57,63,-8660.49
33,53,5320.36
53,79,2153.95
53,62,6491.62
9,75,-1839.91
53,64,-1763.1
19,54,8863.23
53,99,-9312.03
25,53,-6364.82
37,73,-2977.44
53,73,-4301.5
31,91,3317.53
53,71,-740.516
36,53,-6321.89
25,64,-9369.04
53,86,-2884.33
31,65,-6313.93
0,53,-5687.03
6,53,-9365.86
53,69,8393.65
53,93,129.789
35,99,2154.82
10,53,-8978.87
32,76,-556.525
17,53,3345.16
27,53,1855.22
9,53,6425.62
33,51,-7775.13
35,53,-4378.92
45,53,7825.92
14,95,4048.61
53,82,-4470.44
37,53,-5195.99
53,68,5697.21
41,53,-2445.01
52,53,5380.63
53,77,5453.41
13,91,2727.37
53,53,-9262.76
39,50,8325.72
56,65,-65.655
13,39,-2148.85
39,48,3900.39
68,79,7387.32
10,95,-9293.45
39,64,2625
2,91,-510.356
32,39,-8723.6
16,93,5457.53
39,76,7525.6
11,76,-9470.18
6,39,8231.9
0,39,-9954.9
34,34,2095.72
39,66,1739.79
15,39,7898.8
39,77,-8550.58
11,39,-513.308
34,73,-7502.18
8,39,8324.13
39,69,9015.03
0,14,-128.97
39,86,-6386.66
17,39,-6100.22
21,62,-4945.44
39,56,7549.51
39,45,3904.14
39,90,9300.49
31,41,-3015.06
39,81,3943.85
32,68,-4983.89
39,99,-5460.73
9,39,-8155.7
54,71,3312.13
14,39,-4256.63
39,71,-9282.27
53,95,4715.8
27,39,-9996.25
39,82,-9977.34
0,75,-3778.37
31,39,1062.07
29,39,-432.085
39,52,2400.53
39,57,1666.88
26,39,1745.95
54,79,-3952.49
39,79,9131.7
36,39,-9931.98
39,63,1660.18
39,65,3080.39
42,51,6223.78
35,39,5694.03
39,75,1864.47
39,49,8624.3
10,39,-2733.11
39,88,-6144.76
39,41,4361.52
39,39,1136.2
11,15,8591.49
2,48,-7747.39
21,30,986.124
32,47,-1917.98
30,52,-43.1748
8,29,-2647.29
0,30,1855.29
29,71,-9148.59
30,88,-9222.94
29,30,8227.43
26,30,-7172.98
27,30,-2165.77
30,51,3600.03
30,37,6304.1
9,27,-3407.66
30,77,3977.69
14,30,5899.11
86,95,338.352
30,54,2479.12
13,30,3395.37
30,95,3868.18
11,30,1667.26
30,69,-474.378
60,81,1073.93
17,30,-2244.76
30,86,3244.36
16,30,-2870.84
30,53,1335.93
48,66,2207.94
20,30,-2810.1
30,42,3452.14
30,71,9745.57
18,34,8088.94
5,62,-8622.59
45,93,4967.43
6,86,-2529.23
30,98,-667.049
30,66,4714.69
15,32,-1674.35
30,60,6403.61
8,30,5734.39
30,33,9514.68
30,76,9428.99
30,65,7883.46
30,62,-4026.91
81,82,9177.78
2,30,1071.63
26,93,6355.57
30,73,-3081.73
6,30,584.606
30,50,3786.44
30,79,4816.2
6,72,9449.8
72,81,-9309.57
13,41,-3499.78
52,72,4459.27
34,72,72.3181
72,73,-561.169
9,52,-9133.08
39,72,194.427
5,77,4010.09
72,83,-6035.38
45,72,9972.59
13,72,9165.4
17,72,9262.05
57,72,-5200.97
56,86,9197.56
72,93,-4308.02
10,72,7375.89
53,72,7545.43
72,99,4649.55
14,72,1161.29
68,72,6737.13
79,90,1885.57
37,68,-5854.13
16,72,8717.05
20,65,6030.49
35,72,6190.43
60,72,7005.06
15,72,-4145.35
62,72,-4702.39
15,81,-6881.16
72,82,-8471.11
6,64,2892.29
37,72,-6262.9
42,72,752.996
34,36,4161.49
2,72,6001.07
25,56,-195.445
72,75,-2465.9
18,72,-5834.84
33,68,-9262.33
21,72,6115.09
72,79,-4107.3
72,77,-6701.91
18,48,7379.28
8,72,4280.77
68,93,-2876.74
65,72,-322.957
72,90,-8248.49
72,98,-6622.18
57,82,-536.379
20,39,4317.49
20,72,-5699.28
32,72,-8576.92
26,72,8959.55
47,72,9824.18
30,31,9236.59
72,91,3842.84
69,92,2584.14
0,92,-3300.47
45,88,-7631.51
71,92,-5373.78
92,93,-1614.23
47,50,-2354.8
82,92,2221.85
66,92,-3859.94
88,92,2245.33
37,64,1280.25
8,92,7822.66
63,92,6286.8
39,47,9664.2
60,92,860.23
18,83,-532.568
92,99,8339.57
10,37,6230.81
14,92,-95.4443
86,86,-8110.24
77,92,4736.17
47,92,-4903.5
26,90,1510.06
92,98,-3520.21
76,92,-6450.64
83,92,4012.66
90,92,2134.66
30,83,9357.23
49,92,-2631.71
36,92,1840.69
54,92,5742.08
41,92,-262.93
37,92,-1318.61
29,92,7686.03
26,92,-8315.15
48,69,6241.67
64,92,-6561.02
9,37,-4510.54
21,92,1699.52
13,92,-2453.72
18,92,-9249.52
51,92,-2992.55
35,71,6732.3
15,92,-4398.73
86,92,-3893.08
32,92,6301.61
48,56,6204.22
39,92,3159.59
50,92,-3551.24
62,92,5254.25
20,92,3228.46
52,92,8412.13
15,21,-8995.74
34,92,5688
50,91,8726.69
2,92,-6872.79
15,73,2336.08
75,92,-6175.88
6,92,2104.34
92,92,6110.39
34,57,-8003.81
35,92,961.082
60,85,6925.4
13,86,-1667.95
36,85,-2531.26
68,86,4767.45
57,85,3464.82
9,57,1683.62
31,51,6550.2
68,85,-2933.6
13,85,-4597.31
6,85,-3109.33
52,85,5243.3
52,62,5542.31
53,66,-5296.71
30,85,8891.26
18,85,-1821.17
62,76,2707.5
71,85,-2976.49
75,85,946.08
19,90,-1119.19
31,85,5194.97
69,85,-1197.36
85,90,3958.86
53,85,-8634.1
5,85,6221.14
45,85,3767.29
50,63,-9438.4
21,85,2488.47
10,85,-4932.06
27,85,6479.1
0,85,4473.1
73,85,2895.11
50,85,4431.32
48,85,5470.38
85,98,-6927.63
47,56,5341.38
2,85,-7645.73
25,85,5635.51
20,56,-3405.97
76,85,-1935.81
11,83,-4590.79
21,99,2428.8
47,85,-2477.63
37,85,622.971
85,88,-6605.61
11,85,-1036.23
11,37,-173.247
62,85,1689.37
17,85,-2365.72
5,10,-4001.29
64,85,-67.3007
79,85,-6353.23
85,95,-7758.39
82,85,5173.54
14,85,3283.12
85,99,1051.44
42,93,1265.4
56,85,-9.35587
16,85,-3561.5
66,85,7783.57
81,85,-7628.1
33,85,-585.993
85,91,8095.84
85,85,-7899.33
19,41,1063.1
88,98,6534
4,54,-8357.88
4,47,-6263.66
4,77,8129.42
19,21,7765.39
4,19,-3891.21
14,73,-1207.79
33,45,-4065.22
4,11,-6652.7
4,83,-6402.11
33,69,-1427.04
42,64,-4260.18
4,25,-3509.83
9,98,-4289.56
4,45,8687.48
4,15,-5250.81
4,65,8878.6
0,4,6866.03
4,48,2770.95
4,92,-6283.14
30,57,9798.68
4,68,5712.77
2,4,-6100.48
4,71,2934.58
36,52,1815.69
4,93,-7263.64
4,18,2998.28
4,5,-636.574
4,62,4074.64
4,56,-8799.51
25,93,-4757.5
4,53,-3305.8
4,31,5895.19
4,41,1857.17
20,73,-8118.4
4,64,5673.96
4,73,-2294.29
14,32,7756.64
4,37,7507.39
4,10,4831.56
4,63,-3726.52
50,76,917.391
4,57,9139.67
19,32,-3614.64
4,69,-9925.34
4,16,9777.28
14,47,-9541.87
4,82,-4657.93
4,91,669.838
13,68,5531.3
4,32,-5629.86
68,98,8603.01
4,33,-2890.98
4,66,-7222.4
9,42,-5582.07
4,34,7324.09
4,50,-7412.5
49,72,6867.81
4,86,-5444.08
45,92,768.417
91,92,-2364.08
4,27,3975.37
2,64,-1029.67
4,20,-2261.57
4,26,4536.81
4,99,-2761.24
49,65,-5527.36
4,9,-4277.78
4,89,4635.26
57,65,-8252.05
72,89,-7552.75
2,89,8972.61
65,83,6424.91
5,68,-580.998
39,89,-5877.99
25,52,-2746.18
51,89,-3349.39
65,75,3955.76
89,93,-4564.99
31,89,5780.57
89,91,-675.674
41,89,4827.51
27,89,145.919
13,20,363.227
30,89,4457.19
51,75,4501.1
57,89,7446.48
81,81,745.334
77,89,1985.99
8,89,123.753
36,89,5848.24
49,82,-3608.72
48,89,839.134
89,99,-6678.21
75,89,-6533.9
42,88,-2479.54
79,89,-1404.55
52,89,4248.06
53,57,160.243
4,4,-7188.53
89,90,4379.13
33,89,-1758.38
45,89,7049.61
54,89,326.055
89,92,-8406.75
29,89,-185.707
85,89,-914.482
50,89,595.211
19,66,4804.62
49,89,-9331.83
68,89,-7282.51
18,89,3219.48
34,89,8598.01
60,89,9541.65
65,82,4468.45
71,89,2310.86
83,89,-4089.99
26,69,-2213.72
13,89,-9978.29
73,86,8000.73
10,19,-8655.98
65,85,-6726.49
53,89,6650.01
76,88,9014.76
19,89,-3757.55
26,89,-8565.67
53,76,5998.28
28,63,-3307.59
37,45,-1633.8
71,72,2161.79
28,85,8009.17
64,83,-1206.27
28,30,1994.83
28,60,5552.11
28,83,-7431.16
28,54,-3189.83
39,73,6592.24
28,76,-984.881
54,57,-3487.38
10,89,3737.26
11,28,-6827.08
28,90,-3419.25
28,37,2568.95
28,99,-4595.61
9,76,9872.68
28,66,6020.08
76,95,1682.07
28,42,-2992.55
4,28,-5681.74
28,64,827.349
28,45,-761.205
28,65,817.726
56,92,6162.32
28,32,7243.56
28,53,-8964.6
21,88,2344.35
60,66,-6239.95
30,81,-8685.18
16,28,-3073.17
16,35,-1194.28
15,28,-2350.35
28,91,-5169.43
28,69,2036.84
8,28,-9338.91
20,99,-7538.34
28,51,152.597
8,50,-3549.37
45,66,9497.46
28,31,1043.3
33,50,-8344.55
39,95,-9837.48
28,34,-237.03
77,81,-3194.98
28,41,-880.819
28,81,1699.16
8,79,557.635
28,57,-2421.66
28,35,4766.7
28,75,-7239.35
28,49,8537.23
28,92,2103.32
28,82,-6858.56
28,48,3533.89
29,60,5457.65
28,39,6403.1
16,52,-6102.06
28,62,6596.6
34,54,-3851.56
53,60,4407.83
20,28,-8140.19
30,41,3655.8
27,28,-8612.98
2,28,-125.668
28,73,5390.45
36,54,7437.03
28,68,7653.65
35,81,6484.66
5,64,1845.24
17,28,-3658.65
6,20,1871.05
26,28,7067.43
20,53,8517.42
28,95,-8046.03
28,58,9757.47
8,58,-9522.44
51,58,4292.64
8,85,-6368.86
58,81,1304.22
8,36,8197.51
6,13,-7277.4
58,79,-9930.4
33,58,-4271.55
4,8,2873.1
41,58,7116.99
58,73,-4467.9
58,77,-4711.13
52,58,-5043.94
18,79,-4732.07
0,58,1951.83
39,58,-8508.99
58,93,-9614.94
53,58,-1715.32
32,58,5608.55
21,58,-5797.6
58,98,39.0718
15,63,-2646.26
63,69,2961.47
58,85,9075.97
34,65,-8419.35
36,58,-497.627
58,63,-299.599
13,58,675
58,72,-5363.59
33,65,-7600.35
58,75,-8742.76
53,92,1711.17
58,90,-5620.54
58,69,5050.4
31,86,5764.74
58,66,5865.97
5,21,-2771.87
11,51,-4541.01
9,58,-9349.46
26,49,-6964.24
42,48,-9126.35
50,58,8864.63
33,48,9282.13
58,99,1807.39
19,58,-6706.79
31,99,-3677.23
45,58,-7503.63
15,58,7575.09
13,27,9577.01
5,39,-1339.02
16,58,-4330.11
51,98,-2145.05
35,58,-3017.25
6,58,651.833
11,18,-4316.9
49,49,4378.21
31,58,3521.97
13,53,3544.66
10,92,-9235.17
58,91,-2535.91
4,58,-2804.81
25,58,-6480.23
17,58,-6275.72
13,99,1457.17
37,58,8981.03
26,58,-7363.62
64,76,4412.1
14,89,9253.03
58,58,-3412.85
71,80,5489.29
80,95,-1418.69
73,80,4170.84
4,35,9309.82
80,83,7772.46
29,80,9534.84
37,54,-9130.8
34,80,5720.61
60,99,4691.26
41,80,-1983.93
77,80,5944.4
11,52,9419.24
36,80,3758.47
52,80,5549.77
5,80,2369.63
14,17,-2973.46
0,63,4780.44
37,80,326.733
57,80,6505.78
82,83,-2113.79
80,99,4004.3
80,91,2571.44
49,80,-2093.26
81,95,4381.92
26,80,-9934.1
80,82,-7162.08
80,88,7339.43
64,80,9510.32
0,36,-3783.33
80,93,3597.2
39,80,-7289.08
19,81,-259.286
0,89,-2526.01
17,80,-5229.32
49,60,-8368.75
79,80,8346.31
65,80,5989.94
33,52,2226.79
91,99,-4883.37
76,80,3761.45
16,98,-3200.76
32,80,5071.81
47,80,-5548.53
8,88,-2181.19
20,80,8374.49
8,26,-5750.69
80,86,-8760.58
2,93,-6239.86
56,57,-4314.06
53,80,3966.58
6,80,-7871.86
17,35,9337.29
83,85,-8891.62
21,80,2607.3
80,89,525.815
2,80,-3412.1
54,80,-7921.07
80,81,-2494.75
69,80,-6116.88
14,36,-5733.94
77,99,-5572.73
48,80,4642.98
31,80,976.419
14,41,-9578.93
13,80,-7545.68
0,29,1654.12
9,72,-869.817
8,80,7787.07
80,98,4521.07
19,49,-4756.97
28,80,2870.07
39,98,-6020.63
42,80,-9588.61
10,80,9984.96
25,92,-4049.57
14,80,-3861.16
19,80,-1316.85
45,80,-1579.46
75,80,3639.58
56,80,-5511.93
50,80,2592.29
35,80,-259.299
33,80,8754.37
19,85,-6498.56
51,80,4768.27
18,80,-2054.78
13,90,7625.64
9,80,-1817.32
42,56,8169.79
80,85,-4531.92
7,80,-7420.11
27,99,-4768.61
4,7,5602.8
7,14,8920.88
50,62,5960.54
7,71,-2615.94
25,35,-9036.39
7,58,9125.97
32,85,-1911.41
7,11,3366.12
7,60,3238
34,41,5139.43
25,71,-865.443
7,29,-3773.98
7,89,-445.081
48,50,-3188.93
7,93,5360.85
7,69,-5351.06
7,19,9196.83
21,75,644.986
7,45,-6081.12
7,50,-8591.39
41,91,2664.56
7,41,4637.94
7,27,9534.62
7,98,6780.89
7,25,4204.6
7,18,5559.83
30,47,9275.22
4,6,3049.35
7,63,1313.39
7,20,-7128.68
7,99,-4775.38
7,57,7472.49
7,8,2392.95
0,34,-5746.27
7,47,-3650.33
34,91,1810.92
18,95,-1836.82
7,10,3151.19
47,54,-1772.35
7,51,3278.52
5,7,-8497.47
7,17,-622.632
39,51,2296.15
7,36,5465.06
0,62,-5883.64
7,37,-7209.85
7,79,9111.96
7,95,-9555.81
80,92,-2934.62
7,53,3856.91
19,37,-2704.29
2,7,2060.39
7,66,-8193.58
7,65,8436.48
7,83,7618.91
21,27,-4085.92
7,48,7566.31
7,91,-7869.48
19,57,-5203.78
7,73,-602.318
27,62,-3430.77
25,39,8769.71
7,86,-4071.18
6,7,-9235.52
28,56,-613.475
7,72,-1328.49
7,85,5933.53
29,85,5423.81
7,9,-9511.5
65,81,3511.67
7,35,8788.2
8,62,398.913
7,42,7805.9
7,54,2028.47
7,62,7958.07
52,66,-2073.37
7,31,-6844.06
19,19,-7635.16
0,7,6369.33
7,52,5428.04
7,82,7263.72
14,52,-2060.44
7,21,3210.69
38,50,7314.9
38,95,-4196.04
38,92,-9263.11
29,31,6395.52
82,98,-9998.73
38,93,4386.56
38,60,9332.39
86,90,-4900.27
4,79,-5620.9
38,65,-3597.61
38,42,-9674.38
36,60,-6897.13
38,83,7067.5
38,72,-8595.59
35,38,-6640.81
29,75,8998.76
11,38,-468.113
27,92,2355.46
38,56,-7904.12
38,71,862.908
38,73,9380.13
45,95,6790.09
38,45,3781.6
88,99,-1814.58
33,38,4927.77
5,69,75.0196
50,53,-24.3233
38,88,1032.21
38,48,8998.44
33,99,-565.745
19,38,-539.975
2,13,-3311.77
10,38,-5776.96
38,64,8031.2
17,18,-9832.59
39,91,1100.61
38,66,-2726.42
7,92,-7711.89
20,38,8633.26
25,38,1345.36
13,38,5878.64
21,54,-6348.97
92,95,-3257.87
31,38,-8419.55
8,38,-1419.99
9,13,-5330.6
38,81,-9351.55
32,38,-6082.04
21,38,6237.58
38,86,-9009.27
14,38,-1684.19
28,98,9990.46
38,79,-1438.76
6,76,7771.41
13,25,-1557.78
6,31,-9058
38,57,-8692.07
38,85,-9068.58
15,38,-3964.7
7,56,-8581.63
28,38,237.072
2,65,7976.24
38,99,623.29
38,77,3189.81
33,63,-9773.91
38,47,-627.175
38,39,344.931
38,91,6479.71
38,98,4477.63
8,19,377.872
38,82,-4772.84
38,89,6965.71
9,19,-374.962
4,38,5658.4
25,66,-4153.48
38,90,4306.83
16,38,1497.57
38,69,9765.9
14,27,-4308.67
4,39,11.4816
38,54,4826.78
30,38,2895.22
38,38,-5188.64
38,61,8244.66
48,61,2568.01
61,88,2433.41
61,62,2085.97
21,61,6467.46
15,61,-8444.74
27,77,34.9924
16,26,869.993
27,45,-9771.82
61,63,7914.65
47,61,-82.0275
49,90,597.421
11,61,1844.83
8,61,6908.44
61,73,3520.62
28,61,5580.97
61,66,908.606
61,90,-6506.34
61,98,-7466.3
9,14,4791.49
31,35,8101.76
61,86,-2389.45
16,61,-9765.85
32,61,2332.79
73,89,-1728
25,61,5383.74
7,77,5027.7
51,61,-870.603
20,61,-1056.74
36,61,-5807.33
31,61,6917.39
56,99,6982.64
61,76,5092.88
14,28,-3932.8
61,82,306.203
61,83,-7345.64
54,72,-9618.79
10,58,2451.01
61,81,7091.35
45,75,8429.03
6,61,3827.92
61,99,2967.47
34,61,1591.93
19,99,9930.97
45,61,-9014.82
5,61,-7984.64
37,61,4142.42
42,53,9365.85
19,61,4600.96
39,61,7964.15
16,42,2587.7
27,61,2832.88
0,61,1362.72
89,98,-5638.78
61,77,-928.907
16,56,-2182.18
61,92,-3969.67
54,61,7453.24
4,36,-4529.96
61,93,-5457.38
4,61,-1796.5
2,61,3570.78
29,38,6089.29
14,61,-4866.44
13,61,5261.36
61,65,-5699.54
52,61,5996.87
49,85,-7843.7
60,61,6280.2
30,32,4972.85
89,89,2077.84
29,61,764.034
17,27,-9581.72
61,85,-3772.58
52,93,-30.2132
35,83,-2552.4
58,61,-5416.16
7,76,8505.86
61,72,-1073.16
61,95,-5654.25
50,61,8860.01
53,61,-6420.33
69,83,935.096
61,91,-4234.04
10,61,-3874.94
41,61,2674.75
49,64,8883.41
17,61,6064.71
61,68,-646.05
61,61,5990.58
11,96,-3358.85
63,89,4878.08
28,96,7846.8
13,96,-3447.74
17,96,8679.66
27,96,-2354.72
41,96,1164.06
31,96,6556.07
34,96,-655.016
48,75,1180.71
63,96,-7516.49
15,96,-7039.43
10,45,4839.1
48,72,-9621.9
26,96,4424.17
28,29,-6695.61
73,96,4461.25
5,96,4864.76
29,96,-5397.55
37,89,-8529.52
16,96,936.784
15,62,4517.88
11,50,6734.23
32,33,-6558.4
81,96,-7938.78
27,91,9711.46
68,81,7541.37
64,96,-6506.85
54,96,-69.5937
10,96,-3727.39
42,96,-4674.71
2,47,-134.081
86,96,22.2
62,96,-4633.41
88,89,7509.59
36,96,-8075.5
10,57,4860.85
93,96,-729.916
5,60,1947
20,96,5467.49
25,96,9884.88
50,96,-8357.84
18,96,2133.26
4,96,3366.81
48,96,-455.816
96,99,2474.41
30,96,-4640.56
15,36,-9897.73
75,96,705.093
52,96,9890.06
96,98,-4286.77
47,81,-9451.66
8,96,4464.49
21,98,9294.32
88,96,2654.36
0,47,-7884.12
53,96,4346.97
25,37,-5036.89
71,96,-5575.23
48,73,2515.27
64,73,7900.81
2,96,-6914.01
56,96,2853.19
92,96,-8821.69
60,96,-5844.2
58,96,-2440.28
89,96,-4747.17
28,86,3439.55
79,96,-842.705
83,96,2657.11
10,20,-3819.31
66,96,7876.26
77,96,-4966.5
90,96,7157.06
68,96,3957.45
0,96,-503.033
47,96,-1308.27
17,56,-8391.98
72,80,-2646.63
9,96,4250.2
33,96,-5827.02
80,96,702.039
82,96,7198.1
4,76,-6604.12
45,96,-9357.44
34,79,2081.49
37,96,6896.49
39,96,7289.38
82,99,-845.952
70,96,-6850.27
7,70,-6379.26
25,70,-6115.91
33,56,-7820.13
70,99,9496.08
19,47,-3920.53
16,90,9464.32
9,70,4414.53
36,70,1901
14,86,2063.2
56,70,-1013.04
62,70,-300.257
16,29,6275.95
8,70,5346.83
54,62,297.41
16,25,5531.36
45,70,526.251
47,70,-1369.31
69,76,3319.34
32,54,-7331.03
70,90,1115.89
39,70,2438.89
31,83,-5612.86
66,89,3132.31
65,70,4388.65
52,70,-5636.36
20,88,-5080.07
52,57,5770.61
27,70,-9269.42
36,66,1269.63
38,70,9307.53
13,50,-2294.27
58,70,8872.03
47,60,-7206.13
70,77,974.523
16,70,757.462
8,10,-1142.54
70,75,7533.94
53,70,-4837.78
66,72,1880.51
17,70,5323.76
70,82,2820.8
70,71,-515.605
28,70,9804.88
68,70,-504.849
26,47,794.699
20,98,-3456.97
70,83,-3206.5
49,70,5278.68
32,37,5117.12
48,70,8280.16
70,81,3296.87
2,70,9728.79
70,92,4690.91
26,86,-7781.31
33,70,7942.56
70,93,-3048.11
65,95,7993.79
70,73,5748.73
5,17,7146.18
7,81,1814.77
70,91,828.875
61,70,4833.55
70,88,8457.05
70,89,-4982.67
29,70,-6640.73
70,85,2252.26
70,76,-245.184
2,71,-6549.42
61,64,-8073.85
15,70,-7268.18
33,92,-5180.59
70,98,-8160.61
80,80,-5380.61
26,70,1043.55
60,70,-4786.63
41,70,-1687.53
89,95,6466.66
0,28,7850.38
37,70,-8323.34
73,90,7312.85
33,88,5960.38
70,80,-2341.68
76,77,-2149.82
70,79,1908.89
5,92,5867.5
5,70,451.302
6,70,5134.9
10,15,-9352.5
60,67,-6594.75
73,76,-6432.91
14,96,-6656.36
11,67,-8676.21
5,5,-2356.75
5,37,-7374.6
4,67,7403.77
67,73,4217.18
67,75,-8438.66
11,62,-6673.55
6,89,-1290.86
0,67,-7071.49
10,67,607.62
51,71,5961.63
67,80,-4908.47
2,67,-3554
31,81,984.5
17,67,-7744.79
14,67,9068.34
31,53,-6621.51
33,67,-8192.84
48,67,4941.19
67,68,8285.15
38,62,-9267.41
67,76,9765.49
67,85,7980.95
67,86,7358.64
41,50,5843.18
64,67,-7355.8
52,67,9051.43
16,67,8211.2
9,88,-9342.32
47,67,-3654.04
8,32,-1885.4
8,67,3152.13
28,67,-6373.77
57,99,-1182.95
13,77,9047.82
20,42,2727.64
21,67,1311.06
32,79,6326.64
31,67,4104.31
19,67,-9022.8
67,96,6708.09
62,67,4364.75
51,67,9035.49
32,32,9149.49
57,67,6447.66
57,58,4640.71
66,67,-2147.21
17,71,-9070.37
67,88,3366.15
16,71,379.439
30,61,-6018.94
56,67,3446.12
71,88,-5035.33
67,77,-2535.8
63,67,2880.73
18,67,6005.34
10,11,-5714.91
58,67,-7354.48
33,73,9194.06
8,95,-7024.59
67,95,-3063.34
8,86,6490.08
21,25,-7725.73
53,75,-2889.33
41,67,-40.0712
67,92,7721.93
30,93,-1646.46
67,72,1637.61
42,67,2152.22
67,82,-4937.62
29,98,-5116.39
20,70,4235.23
15,67,6017.84
26,67,-2566.84
5,67,4257.61
61,80,371.775
67,98,8776.56
15,93,-1757.21
61,67,5827.51
9,69,-1964.06
67,90,-5815.43
16,64,2871.85
7,16,9305.68
9,67,4433.46
38,67,-9060.27
67,99,5743.16
73,77,362.925
0,48,1211.8
67,93,5172.71
49,67,-7080.17
27,67,-9647.26
32,86,9802.28
50,72,-6868.28
32,67,3142.49
59,67,-3284.35
8,56,8105
88,95,3109.1
28,33,-6765.94
58,95,9819.37
58,89,2241.63
48,59,6163.36
59,75,682.748
83,93,-9149.09
59,85,5274.95
33,47,-4828.8
5,95,9281.96
28,59,-647.857
59,68,-8579.12
11,68,-9527.71
49,59,9507.45
11,59,3338.84
31,72,-8877.79
59,93,725.334
59,62,-7359.95
59,76,-5305.38
2,60,8320.86
59,99,8246.54
34,59,6177.01
13,76,472.515
9,59,-9312.47
48,86,6408.73
72,76,4930.96
21,89,-879.616
2,59,9015.06
27,57,-4088.63
6,21,-7526.43
16,75,672.785
8,59,3430.57
52,59,-9273.91
5,15,4848.4
21,59,3562.11
59,80,-3653.97
14,90,-9002.88
15,26,7371.67
59,64,3791.65
25,67,915.883
17,59,3904.11
34,67,-5440.17
41,59,7883.27
35,59,2466.85
37,59,-2205.97
59,71,4403.82
67,81,3722.21
56,59,-2763.47
53,54,3876.47
19,39,-6621.03
59,81,8410.38
59,73,9057.61
6,10,-8092.44
59,88,-7177.59
59,60,-1118.77
42,59,-3678.04
5,81,-9543.91
19,30,9844
25,59,-9474.68
50,59,4693.85
57,59,3697.56
19,59,-4650.9
45,51,-8910.8
59,79,-813.881
45,59,9161.64
33,98,7792.25
39,53,-4049.03
59,72,-4862.78
30,99,1472.6
59,83,6464.4
60,71,5062.52
47,59,-1333.13
59,63,-8058.49
59,89,9017.02
10,88,1956.33
59,77,911.336
61,89,-7451.53
39,59,-3169.95
54,59,-1303.8
93,93,2948.37
59,86,7511.44
58,59,2737.86
31,50,5982.9
59,82,2176.5
59,66,-907.193
59,69,8430.21
52,83,-7748.09
15,59,4824.91
6,59,-3909.88
11,19,-7533.03
51,59,5296.82
30,59,8513.15
29,29,636.551
20,59,-7908.49
52,64,7321.89
59,90,5253.2
29,59,-4666.67
42,47,9000.32
59,98,-9455.83
77,93,-3053.23
10,50,-9679.95
7,59,3829.29
59,61,9231.23
59,59,-5844
38,75,7498.57
30,46,-1450.46
15,46,8627.07
6,51,-5330.1
39,46,-6369.4
46,56,6927.06
42,46,-6694.69
32,46,-3441.65
20,54,-5619.93
36,38,4862.14
6,67,6459.5
34,46,-8197.29
31,69,8301.44
46,80,7163.38
11,58,2652.59
41,46,7519.52
6,46,-55.4368
51,53,-6778.14
46,92,-2344.16
17,46,-8484.77
46,53,-7098.21
8,54,-7310.9
51,83,-8975.71
46,91,5099.77
31,46,2616.56
66,71,9213.14
46,90,6155.77
46,88,-2145.4
46,58,-5308.25
46,51,-3334.27
46,63,-1407.21
60,95,-1780.89
6,83,-4366.92
4,13,3454.6
46,79,7932.9
46,98,-423.765
25,46,7056.94
28,52,1587.62
46,68,4270.1
45,63,1782.25
46,95,-7996.56
11,46,-7437.02
27,58,1272.33
46,66,1014.64
16,46,-5142.93
36,48,-5612.06
26,64,-7710.12
46,52,-9262.17
46,73,-5671.99
46,60,-2738.16
14,46,6244.42
46,89,-7661.09
46,47,9166.99
27,46,-8014.23
46,64,7560.04
7,46,7724.82
46,76,3513.26
56,79,-3788.39
4,21,515.787
46,49,3359.8
9,18,-5747.62
4,46,-6009.68
29,63,-4905.67
54,58,-228.127
33,46,6006.15
46,86,-6349.43
10,46,-135.654
9,73,-2477.13
46,70,9267.88
45,46,-8719.08
13,46,-8275.39
37,46,-6465.03
90,99,1639.74
41,83,-8191.65
35,95,-3066.47
2,46,-7925.41
28,46,-9397.1
9,46,-5883.9
19,93,-9268.93
46,69,-5556.5
11,49,5700.33
7,34,4334.84
35,46,3869.6
5,46,-4765.05
62,65,-3543.38
46,96,7742.32
18,46,5083.22
28,79,-8566.4
46,50,-4178.27
46,81,2199.73
46,65,2022.79
34,98,-9226.59
46,99,1150.62
19,46,6816.72
21,46,-1006.31
20,49,-6631.21
56,95,2872.86
46,75,-6880.5
3,46,6932.05
73,73,-6932.19
3,58,582.053
41,52,6867.39
59,95,842.552
3,76,2255.93
3,9,-2296.02
3,70,-4320.46
38,68,-1137.46
3,89,-1453.64
5,90,-4443.35
3,16,2641.94
3,60,6926.49
3,77,8421.36
41,63,-3193.93
3,28,3052.78
3,85,-1910.76
38,52,7338.56
3,83,9754.88
0,37,7787.15
60,82,-7660.54
3,88,7720.77
3,65,-2722.06
3,72,-3621.9
48,81,2040.48
5,59,-243.592
3,51,-9708.06
3,63,3150.77
3,99,6731.86
58,88,-1529.33
49,61,-7085.37
3,38,6755
3,91,-3185.9
3,14,7729.51
25,91,-231.529
53,59,-5044.28
3,8,-6492.97
3,13,-1358.39
3,69,-2312.05
3,6,-3921.49
3,62,-175.824
3,32,3864.29
17,17,-7401.46
9,20,-4425.8
3,48,-8440.96
45,65,-4689.21
3,31,-5523.97
67,67,-1818.42
3,33,3720.01
13,21,-826.704
3,5,-7539.87
25,83,-3453.69
18,28,9071.75
3,67,1140.6
31,92,110.26
3,98,-6133.25
41,48,339.932
3,15,-5879.88
0,46,5791.03
3,53,-3739.71
3,30,-8944.69
3,35,6896.47
5,89,-6787.65
34,38,7453.87
3,81,9019.97
3,18,7723.62
3,37,-5294.82
29,46,439.687
3,41,-2704.88
14,37,9540.24
3,54,2175.59
3,71,-5218.73
26,38,-8809.74
3,45,-3659.16
41,71,8959.63
3,10,9655.7
3,61,5926.97
3,73,1995.4
3,59,-2751.28
91,98,-2164.67
3,95,-8716.3
3,7,10.5961
3,20,7301.05
3,27,-9449.23
46,61,-1033.91
3,34,-4192.37
52,91,2763.16
3,19,6516.59
17,26,-8071.95
31,59,-3519.86
3,96,-220.325
75,76,-2829.7
3,26,-9151.99
9,81,6948.78
3,86,-1238.44
3,75,873.392
34,76,7605.74
4,30,1667
3,66,-8386.98
0,3,4692.08
3,80,-5197.82
3,90,-8434.12
3,4,-3724.75
3,56,-7408.59
3,49,6634.13
3,3,2295.79
29,94,9381.38
2,94,3216.75
36,94,-9198.81
13,94,9516.57
8,94,-9387.23
89,94,3965.41
57,95,6599.76
56,94,-8441.08
57,94,8323.33
41,94,8370.53
56,66,-5597.14
73,94,-1551.64
5,26,-8836.3
38,80,-6424.46
47,94,6144.73
59,65,7698
65,94,-8363.81
41,93,-2843.12
79,94,5339.42
59,94,6382.73
15,85,-1032.47
7,32,-5703.01
38,94,-5414.71
47,76,-5361.44
60,88,4721.86
64,93,-3919.76
94,98,1219.17
28,94,4474.45
25,94,1809.63
62,69,9558.11
85,86,-7160.88
92,94,-473.488
51,94,-7245.09
15,86,9447.86
30,94,4969.25
2,69,-880.361
58,94,6047.95
46,62,1945.41
80,94,8148.14
9,61,-1868.83
21,94,-9760.29
45,94,7151.12
63,94,-5221.66
51,64,-5008.3
13,28,-1122.29
62,94,8828.64
26,94,5959.33
20,66,-7259.39
10,51,6474.74
4,42,-4391.54
77,94,-7384.68
88,94,823.97
7,7,-9411.06
17,38,-9119.36
54,94,6126.64
8,83,-1243.36
33,94,87.8434
72,94,4949.68
35,54,8308.85
5,31,-8361.49
16,94,-3168.84
50,94,4373.56
82,94,-2986.1
52,94,-3222.25
13,13,-3196.07
56,64,8923.41
19,94,-8787.82
94,95,5271.95
60,94,3302.74
52,52,-6701.7
37,94,-7972.46
48,94,-6063.38
86,94,-1489.76
32,94,9953.66
17,31,3795.04
46,94,4638.34
20,21,-8837.03
64,94,-5740.12
61,94,9514.1
67,94,1858.94
26,32,8921.83
71,94,7660.8
42,94,-5413.04
93,94,-3729.65
76,94,4322.36
11,36,3165.48
53,94,-1416.33
90,94,2485.45
34,94,6799.93
9,94,-7485.11
85,94,4875.21
26,59,-9825.79
6,94,-636.923
77,98,-3003.72
91,94,-5947.29
59,91,-3681.26
66,94,1539.97
83,94,-850.808
45,76,5820.06
61,69,7991.85
15,94,-3933.22
4,81,-5276.68
54,70,-2439.5
14,94,-1540.66
31,47,2851.48
27,94,-1222.56
7,94,-6736.5
56,72,9701.1
68,94,-5331.08
17,54,-8638.61
94,94,9363.39
17,60,-1851.45
14,70,7116.07
78,94,-9879.19
3,47,2695.43
41,78,3898.57
20,26,-1901.59
25,28,4402.14
72,78,1541.2
8,78,8425.91
20,78,3318.25
19,92,6619.29
78,81,-6919.58
29,78,-7424.21
10,78,5886.47
83,88,1243.49
34,82,-7533.38
5,78,2243.89
17,94,-5961.56
71,78,-7458.38
6,26,6026.98
3,92,3488.1
78,86,5957.28
49,78,-7891.26
0,78,-8027.48
48,78,8244.55
14,75,-3862.97
51,78,8282.22
30,78,-7883.62
63,93,-6177.25
16,78,2520.8
15,78,-2522.48
68,78,-4739.68
14,20,-4738.22
69,72,-4992.14
7,33,-202.271
75,78,-7874.24
78,99,-3075.91
78,88,-2058.29
54,75,7404.04
42,62,5839.12
70,78,154.466
56,78,926.508
6,78,5356.43
52,78,-2929.34
8,91,-3943.18
13,78,8025.31
30,91,-3898.87
16,92,-2928.9
45,78,-8480.69
66,98,-4429.58
67,78,6998.88
28,78,-6616.25
59,78,-5620.75
37,82,-3591.29
9,78,1435.36
78,91,5102.72
20,37,3451.12
37,78,-1667.41
65,67,-8538.26
78,92,1274.42
65,78,2181.09
78,93,-606.856
25,78,-3370.22
82,82,-413.499
47,89,1535.67
33,78,-8225.79
71,83,9171.2
78,82,-500.305
76,78,7409.17
78,96,-3389.83
66,78,-8943.01
47,78,111.336
48,92,2088.54
38,41,-9792.82
69,78,6234.28
34,78,-2002.55
77,78,-1197.64
53,78,-1601.95
38,78,-479.355
35,78,2220.66
30,58,-9978.12
4,78,-7152.72
78,90,-9752.66
73,78,1877.33
62,78,-1538.27
29,54,-1350.39
10,70,-5821.41
61,78,-728.157
78,98,-7870.64
7,39,6795.76
27,78,1342.55
31,78,-5954.86
42,82,-5523.39
28,36,568.249
42,78,1539.35
64,70,9938.91
2,78,3174.43
32,78,-4400.77
78,78,-5499.28
10,87,586.393
75,87,-8874.86
38,87,-3932.11
2,63,-8599.27
64,87,-9318.76
9,95,3697.58
27,87,-2010.24
71,76,-8590.34
68,87,2320.37
11,87,-5043.5
4,72,-5944.17
81,87,-3633.73
88,88,-9752.06
87,90,-4989.83
30,87,-3800.12
62,87,-3734.34
87,96,-1341.26
59,87,5239.33
78,83,998.727
42,87,-4700.39
49,87,-2190.34
31,77,5290
70,87,5659.18
34,48,-2071.12
6,38,90.6298
52,87,5090.2
48,62,5104.22
28,87,7870.55
71,91,-4250.11
7,75,-3291.06
34,87,-8366.34
66,87,92.0811
56,87,-2660.97
5,87,-4235.96
0,33,-5542.82
87,91,5607.85
46,87,-4940.26
29,87,-2479.31
17,19,-8801.42
41,87,4748.32
2,88,3854.49
10,83,-4757.63
58,87,-4718.61
13,87,9292.54
48,95,2019.53
85,87,2134.2
93,95,-9675.68
82,87,3897.78
57,87,6179.76
69,87,-6701.18
46,93,7754.92
18,87,736.978
19,87,1680.41
51,87,-74.2487
76,87,-6072.01
60,87,-7883.41
20,90,7301.81
87,95,-1713.06
48,91,-6166.77
14,87,-578.77
4,87,3948.8
10,33,-6232.48
45,87,4624.65
2,53,9339.66
63,80,5380.33
25,87,8785.82
18,45,-9906.64
56,89,-7921.04
6,87,-2477.05
86,87,-5276.71
4,17,-5645.97
4,88,-3330.39
80,87,74.0041
33,87,-7351.15
86,88,-3066.37
65,87,-1502.02
79,87,84.8889
36,87,-8274.98
87,89,9913.14
57,57,-2978.57
20,87,6550.14
53,65,-3017.54
87,99,-6307.38
61,87,6118.29
47,87,2491.86
29,33,-875.232
7,87,-4632.53
3,79,-6246.88
31,87,3666.2
38,76,800.434
37,87,-128.156
9,65,-2874.68
32,87,-4573.53
29,65,5890.24
18,53,-8629.06
26,87,7605.83
47,63,-8667.87
71,87,9245.98
21,87,2604.56
83,87,-4858.43
34,88,-1792.92
6,96,709.047
45,67,-9044.01
87,88,-5519.46
29,93,-5435.75
63,70,4275.42
87,87,-236.204
12,53,-6477.7
39,85,3314.28
12,93,1009.98
57,93,9371.12
11,86,1774.15
51,70,-7479.68
7,12,2280.07
12,20,-5587.2
21,53,9668.02
12,35,-3109.15
51,81,9353.1
46,46,-5840.37
12,63,-398.952
12,81,8129.11
68,80,-9992.94
12,48,-934.516
42,92,5303.8
85,96,-1002.34
12,14,5689.89
18,75,-1331.62
12,54,-1977.14
27,82,2730.53
12,61,-7734.43
10,12,6451.58
12,86,-320.683
85,92,9107.96
12,96,392.82
12,34,-6246.64
2,6,9875.75
12,39,4572.07
8,21,7765.33
42,89,-9482.3
0,12,-4107.54
12,95,-7792.82
63,85,2542.84
7,26,-2218.52
12,80,-8653.75
58,65,6504.24
2,12,3406.2
5,72,-4633.72
12,32,-2401.84
12,72,8341.46
12,75,-721.152
12,73,-5873.6
5,83,-9013.16
5,29,602.927
12,28,6284.15
71,93,2067.78
5,98,-2238.71
12,98,1472
12,59,5463.82
12,60,2013.9
12,78,-3938.42
9,12,6953.3
11,57,5990.46
12,56,8748.24
35,79,-5473.18
4,59,-53.1343
12,70,3264.18
12,25,3536.29
12,68,4873.01
42,50,-9047.38
77,87,703.522
12,62,3145.25
12,18,-6676.95
47,65,9602.18
50,78,-5763.94
12,99,371.38
12,65,7422.96
12,13,3454.27
12,15,-1969.81
12,41,-9806.39
31,71,4893.61
9,30,-2385.81
12,30,1174.5
65,90,7527.16
12,17,791.009
11,12,-7552.59
58,64,-6148.54
12,36,-5469.34
18,65,-4235.74
12,90,3555.59
8,12,5764.4
57,70,7290.74
12,64,-4072.61
12,92,5869.23
12,67,2159.12
19,77,9588.79
17,50,-5720.1
2,58,9467.52
12,29,-9234
4,12,-8596.88
10,65,-3651.38
12,16,-9180.54
12,31,-5199.37
63,72,-2784.46
12,38,5931.36
14,60,7261.55
12,76,9879.61
71,90,-2919.34
12,37,-5942.92
50,90,-6500.35
6,16,-9525.92
12,42,3035.21
19,36,-2931.73
85,93,-4199.79
12,71,-514.377
25,62,-2140.48
12,88,-2426.36
6,63,-3825.37
46,67,1338.95
12,27,-5909.83
15,87,8240.33
12,79,-9021.77
12,94,4875.67
6,12,8894.53
62,88,-7742.11
12,49,9487.78
12,52,1862.94
12,19,5554.99
87,92,-8392.35
12,77,4721.6
66,70,-7098.8
12,51,-1560.56
33,76,8648.42
14,62,1759.68
12,26,1414.57
31,33,-5113.66
12,69,1565.77
60,83,5666.85
19,72,1898.86
12,12,1268.94
36,86,2768.91
84,85,-2344.03
14,59,-4979.84
21,84,9570.16
13,67,-6020.42
53,84,2310.38
50,57,-7642.03
6,35,6444.23
84,92,6730.73
5,75,-337.603
84,98,-6053.68
73,99,-354.744
84,96,-7973.52
69,81,6225.93
56,84,7437.61
47,51,5737.35
19,84,4833.94
84,89,-1036.86
69,90,3805.62
35,84,2649.85
39,84,5304.58
57,84,4118.54
63,84,-2637.48
11,89,4085.44
52,84,4107.47
72,84,-330.051
27,84,724.626
30,36,-8834.63
25,84,1277.35
33,84,-1807.41
65,92,-424.478
84,99,8603.22
39,60,1494.37
0,72,-8003.55
8,84,2106.77
36,84,-1845.36
14,19,-697.495
31,84,8137.24
2,84,4981.18
62,84,-646.122
7,84,-382.016
21,66,-4822.8
2,99,-8017.84
27,60,9299.38
60,80,9968.53
69,96,4761.68
60,78,9622.57
84,90,-5233.15
20,84,1847.19
15,69,5401.27
10,64,-159.201
78,84,-3340.82
84,86,780.867
46,84,-723.293
75,84,-1156.95
54,84,8775.09
38,84,3237.68
35,51,-9948.97
30,49,7868.13
59,92,-6223.63
50,84,-6126.78
32,90,-6161.8
25,54,-1451.89
60,84,-6343.31
73,92,9938.91
0,84,-3689.73
8,63,-8378.67
5,42,957.421
26,53,9867.85
68,84,4489.7
10,84,-4265.07
20,35,1263.43
84,95,-97.0885
17,21,-5500.39
69,89,-7438
71,84,362.09
54,65,-4969.28
8,14,-2022.44
83,84,7284.14
18,84,-6725.06
48,84,-7547.49
17,84,-3227.66
6,66,-8650.57
86,89,-5275.89
70,84,4766.17
84,94,7168.35
30,68,-7522.35
4,84,7664.26
26,84,-6587.58
27,76,6055.28
33,60,7213.48
73,84,4929.53
34,84,-5340.38
42,49,8688.39
6,84,982.286
18,36,-3578.14
32,45,-3606.27
30,84,1504.73
84,93,4931.18
48,83,-5396.47
13,84,-5914.38
51,84,-7089.73
14,84,-7733.67
15,84,-6429.68
30,75,2181.83
80,84,-4598.7
42,84,-9066.4
77,84,2868.81
28,84,-7806.18
34,39,-8602.64
5,84,-9293.78
45,81,-9140.86
41,84,-1060.12
76,84,-4065.21
84,87,-5649.39
18,58,1215.95
84,91,-9754.58
63,83,5183.38
10,10,-8594
67,84,2265.93
9,79,4909.4
69,84,9823.92
10,29,2340.53
41,72,5499.57
63,87,6803.7
29,84,-9343.72
11,54,-307.181
26,78,-9089.73
58,84,-5357.69
36,78,8445.89
84,88,-6032.91
42,79,-2210.73
49,84,635.421
84,84,-8787.63
17,45,-1952.03
40,84,-3345.41
5,12,9245.67
40,65,-8833.96
34,40,7201.59
16,91,-2999.82
7,40,-4658.5
51,86,5868.56
40,88,-883.583
33,40,-383.288
21,56,8350.44
7,64,-9792.53
40,80,794.305
40,81,-2200.35
40,76,-4721.31
40,66,871.33
40,75,-305.005
0,40,-7658.12
40,69,8439.5
98,98,6571.59
40,94,-7378.76
10,41,5277.35
8,40,3988.82
37,40,-8223.74
10,94,-424.672
40,49,5087.65
40,45,-7485.23
25,32,2366.7
9,40,7240.6
42,85,2819.97
31,40,-8962.32
16,40,-7360.28
42,76,-5019.21
20,94,322.905
10,40,2369.21
6,40,-2387.49
96,96,55.3605
16,59,-4535.37
39,40,-4713.03
34,60,-8107.44
40,62,960.403
25,40,4636.09
19,40,-9562.65
56,91,6399.21
11,80,5964.17
11,40,-2614.98
54,67,1549.46
35,40,-6337.3
41,95,5667.4
40,64,-144.792
51,54,1299.59
40,98,8220.63
40,63,-8411.18
72,88,-1822.83
40,59,459.931
6,29,-9048.43
58,92,-6573.6
40,58,-6618.52
40,89,-1301.93
40,41,-9307.26
56,63,-9393.23
67,79,5746.34
40,99,9174.35
16,84,3000.01
29,40,6989.57
6,34,-6290.67
30,40,718.518
40,46,236.263
67,69,-3833.41
20,40,1891.78
32,40,-2050.52
40,78,696.459
30,82,-3326.6
40,92,4795.25
8,20,2438.75
40,54,874.261
32,89,261.061
81,89,-250.448
40,51,4224.31
33,36,-9064.62
0,70,-1067.38
38,40,625.804
40,82,8591.48
40,47,8372.03
42,66,2477.85
40,91,7761.01
2,51,4763.41
40,90,6949.79
3,40,756.603
18,40,4326.17
15,65,8641.92
36,63,-3506.88
53,90,-2544.39
27,40,1097.6
40,83,-3124.03
50,51,-6984.94
40,67,1788.36
40,56,6545.41
46,83,8950.34
50,87,-1656.92
40,61,-8324.34
35,85,-1598.77
40,57,57.172
58,60,-8012.05
20,67,6399.3
40,95,-5380.38
40,87,-9928.87
47,58,-9946.76
40,50,-9091.26
40,42,-6916.42
28,40,6745.12
2,76,-459.051
2,45,3607.41
4,94,8596.05
40,72,-1892.25
16,53,7974.55
40,68,-3161.71
17,40,4716.17
2,8,-2774.49
39,93,-8666.36
80,90,3143.34
12,40,7949.7
69,79,-8091.41
45,83,-5984.89
21,40,8447.44
40,79,1993.91
6,45,-5274.78
19,25,5362.22
0,94,4923.31
40,52,7570.11
13,63,313.358
40,86,8558.57
15,40,-8020.34
37,76,-1644.02
26,40,-1825.01
4,40,-9190.99
13,62,-6622.01
12,57,-6202.99
40,40,8533.89
4,23,-3986.67
2,23,-9117.69
23,80,-2730.65
81,84,-9089.53
15,23,3223.83
5,53,9409.74
23,28,1811.61
23,26,-1263.93
11,23,-9890.88
19,23,6948.39
27,38,-778.303
5,23,8815.27
23,32,-5819.09
23,38,-5656.5
23,88,-4465.87
18,23,-1215.28
72,87,-9429.29
23,94,2758.38
23,79,-7761.75
6,23,787.075
30,48,1231.9
33,72,-3730.41
48,87,-7472.99
23,90,-9306.61
0,5,-9287.29
15,80,-6455.79
23,41,-7965.64
23,87,3442.65
70,72,8735.57
20,23,-5674.36
11,31,-8990.5
23,61,6268.68
23,77,-2161.34
10,73,6136.03
23,86,-5752.2
32,36,6839.91
39,94,-3742.85
23,96,-5422.36
41,85,557.723
23,46,-4749.68
23,37,-6354.2
9,21,3019.55
23,25,7064.1
23,33,5124.4
0,23,1527.82
23,49,4733.96
41,49,1061.72
23,99,-8859.31
2,11,1289.48
12,23,-2501.07
23,42,-4341.73
23,34,4685.52
32,52,4123.38
21,23,2220.93
31,63,-5284.15
23,89,-9911.74
40,73,2346.43
23,53,-9137.43
66,88,-2763.36
48,71,-8573.3
23,59,-2018.22
51,72,-2633.22
65,96,3523.69
23,92,4854.98
6,11,-8335.25
23,57,-7118.33
9,28,1556.26
23,93,6602.27
23,30,1369.96
26,61,-5753.75
23,62,4055.9
20,20,-3518.28
23,76,8646.27
53,83,-7202.49
23,70,-9577.85
34,81,-4985.29
25,30,-5482.01
23,31,-3802.68
49,58,3696.44
23,45,4045.25
26,51,-7407.69
3,23,2442.31
26,82,1075.48
6,62,8495.86
11,92,8570.34
14,23,9816.61
23,84,-9817.78
23,64,6249.03
64,78,3381.76
23,83,-1027.16
26,41,5630.19
8,25,-6578.97
23,36,-4425.23
50,64,5.78214
23,66,7414.08
18,21,8188.77
8,23,4643.86
23,85,687.301
10,31,8212.2
23,65,-4446.11
10,69,-594.632
23,51,416.527
23,71,-6257.79
23,48,6280.42
13,23,5745.72
21,76,3001
17,52,2249.45
10,23,4520.86
23,68,2485.21
66,83,-3897.38
82,89,2526.7
23,82,-9865.06
6,33,5578.73
7,23,-4119.57
14,82,3527.52
23,95,1793.59
23,47,7885.23
20,52,2559.67
51,85,-8457.23
23,78,662.285
58,86,-4084.76
23,60,5272.39
53,67,-4393.25
23,27,5773.12
23,50,-8549.31
23,29,-4301.89
23,81,-1692.17
5,19,6871.89
41,79,-6483.25
9,23,-8521.02
23,69,3744.82
23,98,7344.24
34,47,-6283.76
54,68,-2887.52
23,63,6914.02
11,65,-7280.24
33,91,7956.18
52,54,4924.85
11,84,-3684.99
23,54,147.416
17,23,-7584.32
13,45,4050.86
36,67,-382.519
57,78,4565.29
23,23,-9628.24
23,74,-9939.36
31,66,1141.22
49,74,-2332.58
0,26,-3826.99
39,74,7170.16
46,74,7246.82
74,85,-357.019
46,48,-6291.85
70,74,4812.55
27,80,6973.59
58,74,9291.46
29,67,3360.55
14,74,2236.28
19,74,477.957
5,74,-2406.55
74,94,7877.94
8,74,-5460.9
49,71,-5091.38
5,28,9882.69
74,90,-6780.96
61,74,3939.48
32,74,-5497.08
42,74,760.057
33,62,-3660.86
65,74,4064.2
27,74,-3960.35
74,96,-2322.15
16,79,6203.06
54,74,-1291.52
35,74,-4691.22
74,98,8829.67
9,29,-4383.59
25,80,-6291.19
52,74,5246.77
65,69,3590.87
78,85,3630.88
74,89,7165.7
36,40,-3420.6
68,74,-9315.68
34,69,-8233.53
41,86,5178.37
2,74,8059.36
3,57,8370.72
21,74,6704.12
30,80,700.334
34,70,-4964.2
6,74,3251.28
14,58,1881
74,84,2115.34
41,65,186.984
34,74,-4618.93
77,88,689.98
66,74,-3798.36
13,74,994.717
72,95,8205.24
74,83,7139.63
42,91,-1856.95
31,36,-8813.34
16,74,6518.74
53,63,7874.62
74,82,4625
27,93,3185.89
74,95,-1402.56
17,77,-8815.23
63,78,-6906.48
74,81,-1346.09
47,69,2091.05
26,77,-6659.17
5,63,-1276.12
53,74,9669.05
15,53,3615.84
74,99,3414.04
47,74,-2964.02
74,87,-9688.41
48,74,2749.01
58,78,2251.03
67,74,2770.92
37,74,7122.98
3,74,-4333.84
18,30,-5854.87
49,96,2066.96
10,74,6133.22
18,74,2271.4
50,74,-1535.98
74,76,-8839.67
67,71,7202.5
69,74,3482.6
31,94,8258.61
19,78,449.338
74,79,5112.07
66,75,7443.4
62,74,-6210.41
6,6,8558.43
17,92,-3679.8
11,74,727.175
41,74,2286.63
50,68,-7280.04
71,95,-9112.75
32,34,-960.241
59,74,-5836.86
74,78,-9170.65
72,74,6288.14
12,74,-4008.33
27,68,-8721.64
19,33,-5785.26
74,92,-1383.42
83,86,-177.026
28,71,-6028.63
29,74,5460.91
74,75,9605.57
27,35,-4566.92
17,74,-5433.4
12,47,-6314.02
74,91,-1893.04
40,74,1882.86
3,42,-4734.71
36,74,1703.22
51,74,6377.4
74,80,873.642
54,66,818.716
33,74,5596.23
49,94,-6989.32
20,74,1165.35
11,78,-7311.88
26,74,3165.25
70,95,-4516.01
56,74,9034.57
74,93,5441.55
9,36,-1816.06
54,87,1047.48
9,74,-8637.62
18,60,-3653.81
30,74,6817.78
90,93,-3943.94
31,74,2628.43
64,72,-3438.95
0,74,4435.84
63,74,-8930.79
81,83,8493.91
74,74,9889.19
16,89,-5428.58
43,90,6388.79
64,68,-3302.3
3,52,1466.1
28,43,6761.53
39,83,-4751.77
95,96,1452.4
46,82,609.172
14,43,-9417.36
30,43,971.895
38,51,1732.23
94,99,-3750.73
43,75,-6395.54
43,73,-8420.39
42,75,-6400.74
43,62,-491.956
3,93,-3181.05
43,71,4749.82
31,43,3690.09
63,77,-3650.84
43,87,-5703.29
12,58,5348.8
15,43,8024.54
43,67,5008.24
11,60,3176.13
25,74,-9452.4
0,43,4940.97
78,95,-3326.7
43,61,9405.68
41,43,-3276.89
43,66,-3103.08
43,50,-5806.15
43,83,994.299
16,43,5692.29
43,45,9112.76
23,43,-3665.97
62,62,-2571.95
43,64,-5599.5
42,43,-737.689
75,83,-6958.36
43,99,-9353.46
51,56,8939.37
0,80,-9061.79
39,43,9059.38
20,62,-58.809
16,80,4236.23
43,59,2377.09
82,84,1926.36
43,81,-908.093
51,51,6238.64
38,59,-9820.16
43,65,-21.866
7,78,-9315.74
43,58,4613.79
16,95,-4409.04
50,67,2164.62
43,94,1614.44
72,86,-5866.82
3,39,-5022.74
43,86,-3998.87
21,43,-3070.32
49,98,-33.2241
4,43,-490.948
75,79,-9314.6
43,89,9212.67
43,49,7627.11
2,43,8749.21
56,61,-5626.82
18,43,-4574.02
43,76,5352.89
32,59,6877.27
6,43,-4823.03
11,82,1689.38
43,60,-5281.48
12,21,-368.367
43,69,-5159.48
33,61,1747.1
43,92,8506.29
32,64,9593.97
19,53,-9905.11
48,58,6195.12
43,98,9273.06
43,79,4575.36
10,28,7088.56
27,43,-7305.74
3,43,-9738.01
25,43,-6278.5
0,10,-4222.25
35,43,7653.77
87,94,-8556.34
7,43,-3257.09
13,26,8691.75
43,77,-116.119
83,90,-3458.49
43,82,5386.11
43,84,202.44
43,48,-9297.73
18,81,4878.75
12,66,-8274.29
23,72,-1220.03
43,95,-2551.18
43,63,5934.25
11,43,-8040.14
13,37,-3578.59
43,88,-8588.14
25,72,3664.94
9,43,-2500.82
3,68,9346.59
40,43,3632.07
68,83,1753.89
34,43,8330.3
32,43,7365.37
13,36,-4762.96
52,98,-2371.76
43,47,2240.25
18,49,-7644.04
43,80,-2198.82
93,99,1621.76
12,43,-5396.89
12,46,-7763.55
38,43,213.351
43,51,-4428.52
56,88,-9637.19
28,93,377.617
50,70,-7331.16
18,59,2437.88
43,46,-607.822
26,75,-4932.68
3,50,-5361.16
7,74,-8511.06
43,93,-9352.6
46,57,-3857.55
78,80,4302.28
43,96,-9641.31
6,88,-1240.73
12,89,4326.55
17,43,-9908.55
43,56,-8363.94
43,78,-1383.42
19,43,6180.15
5,43,-49.1006
23,67,4873.28
43,68,-2431.6
50,81,1032.02
43,70,-8911.67
76,76,-2024.18
57,61,868.5
43,52,-4557.14
43,72,-1674.26
43,43,947.142
43,55,-7385.19
33,55,-9188.94
52,95,2145.94
43,54,-3436.67
39,55,1463.23
23,55,-8970.72
4,90,-4201.98
23,91,7251.76
55,58,6441.05
5,32,2547.62
55,59,-4166.85
55,61,-6798.51
2,55,-5459.61
55,72,-1743.04
35,35,-8117.42
9,55,166.032
8,33,-4041.18
11,81,8503.05
5,55,9849.5
30,34,-2125.77
29,58,3611.52
41,55,-6920.8
49,91,5873.42
55,95,-1014.06
13,57,-2459.71
55,65,421.599
46,55,-7109.13
37,67,-1300.68
55,80,-1409.1
38,63,-2176.8
28,55,267.483
39,42,2809.63
26,55,-1174.6
5,58,1165.37
55,98,-1051.73
16,50,-6660.71
55,69,6926.55
4,60,-8143.06
55,92,705.373
30,90,-1429.07
55,62,-327.16
55,86,-2767.33
0,55,-5133.75
7,90,-1665.63
55,88,-1321.46
15,74,163.887
55,74,1776.8
79,98,-5002.51
33,59,-9258.59
55,77,9452.49
15,34,-618.861
21,39,3447.68
55,68,-7310.18
39,68,-5030.01
7,67,3067
38,46,-8883.11
53,55,2470.27
31,55,-5496.84
38,55,-6025.88
21,60,8602.47
2,75,2233.63
17,55,7739.82
54,55,-8550.55
25,55,-5480.93
21,33,-2668.63
55,63,-5189.35
74,77,-2827.63
14,55,8277.81
55,73,-4797.34
50,55,-2867.3
67,89,6434.64
39,87,-8684.84
55,84,-1146.18
27,75,-9566.45
55,75,-1943.63
55,57,-2516.65
38,53,7417.58
8,55,-5912.11
16,55,8054.51
42,70,3637.67
46,54,-1276.53
55,76,7946.14
26,73,3130.73
30,55,-9475.31
26,46,6620.51
32,55,-6747.52
38,74,-1505.66
27,55,-8661.11
62,86,-1692.61
55,91,-4738.15
62,90,5188.17
37,60,-9667.05
47,55,-1594
18,55,7502.9
20,55,8065.46
17,42,5994.4
55,81,434.789
70,70,4651.02
23,56,8046.98
55,79,483.554
34,55,-1702.01
64,84,5999.4
10,55,6405.89
64,75,-964.825
55,94,4784.28
4,55,-9073.84
55,90,-3391.24
55,99,-1131.61
31,82,-4977.87
57,92,-9536.61
68,92,-7844.81
38,58,4234.5
55,85,5720.56
29,53,-185.799
20,46,4845
55,89,-4615.43
4,51,-5936.55
11,55,3951.12
76,89,-3906.45
55,64,3752.69
6,25,3176.97
4,49,9173.5
28,50,1198.99
51,55,-7945.64
35,86,-2023.82
2,40,4367.57
7,55,9316.05
4,80,9474.54
37,55,5828.45
19,48,5610.13
30,72,-4023.09
29,55,3475.56
42,55,-5184.1
2,87,3426.41
49,55,-1512.37
55,56,-4485.05
9,89,-9339.52
55,93,-2020.67
52,55,9284.98
6,55,4030.69
55,70,-302.401
21,28,-8320.13
35,55,-701.726
8,48,-6951.29
15,55,6661.16
42,61,6638.46
55,83,-1229.24
41,51,-6240.07
4,52,-8734.02
61,79,-9350.86
48,55,579.627
32,50,9504.8
55,60,9852.77
36,55,-9003.12
18,20,-9102.19
55,87,-1029.13
40,55,-1296.5
54,64,7014.32
55,82,-2503.57
3,55,-5354.94
10,30,7976.59
55,78,-6740.67
34,85,8887.69
12,55,2572.15
34,42,1144.48
19,55,-7577.79
55,55,-1798.89
5,38,2038.57
24,73,-7576.66
66,80,7303.68
76,96,5491.08
2,3,-8836.59
24,59,6339.48
21,81,-6864.9
15,24,-3937.09
65,77,8200
24,62,5226.12
11,56,9175.88
72,72,-7519.43
24,89,-5029.62
48,51,5896.45
24,51,977.235
24,52,102.503
24,58,5968.67
67,83,-5848.62
24,35,437.939
0,16,8736.87
24,92,215.028
24,90,-9541.49
65,88,-1012.67
8,24,9742.85
21,96,-1541.09
20,43,109.554
24,54,-8697.64
4,74,-7322.76
24,88,-8542.04
35,49,5931.59
26,91,-8725.21
13,40,4017.84
2,24,1268.7
64,74,-9047.74
24,84,-4698.21
56,73,1969.42
24,40,635.241
4,24,221.521
19,86,-6419.07
73,81,8906.88
57,74,7984.12
20,24,4675.3
24,80,9759.19
24,66,-5265.81
62,80,-7821.08
24,26,2251.32
24,46,4992.52
8,53,7812.02
24,50,7806.87
8,65,-1008.39
24,81,-6058.87
24,53,3064.48
60,60,-4947.16
79,92,8026.99
24,69,5834.01
3,64,-4194.26
24,34,-760.025
27,65,5589.31
24,42,7190.09
81,92,8117.14
14,40,-7606.06
18,24,8984.65
9,85,8334.77
17,24,3387.81
14,26,8400.15
24,31,-8122.82
24,94,7983.66
9,92,-5401.09
58,76,-5429.42
24,28,-9353.66
24,72,8828.02
24,48,-41.3024
24,65,-1493.42
42,73,-8508.69
24,61,-2108.62
37,41,3497.98
24,36,7547.8
64,71,1644.18
34,58,9115.7
24,95,-8465.33
24,33,-7785.34
18,52,2168.78
25,25,-9632.74
7,24,-7713.75
24,87,5132.71
28,88,199.185
6,24,1233.7
12,82,5394.02
24,83,6160.99
24,91,6418.27
24,47,-2395.83
24,56,-8484.65
9,24,-901.007
4,98,8583.07
28,47,-6967.22
79,84,-1968.86
29,43,-4728.08
13,24,6025.41
24,45,3665.65
64,99,-3794.05
12,24,7611.33
24,78,-6077.25
24,37,-2694.23
34,68,8724.1
62,98,-3893.8
24,85,-8260.98
24,32,-9421.22
14,24,-3086.39
24,49,439.891
19,24,9078.11
51,63,6874.39
10,24,3265.97
12,85,-9913.96
23,39,-6643.3
24,99,-9163.62
23,24,-1675.24
24,86,9136.87
15,90,-3707.54
65,84,6117.79
24,98,-3755.87
24,76,-6948.88
24,63,5777.35
19,28,-9872.61
21,24,-5395.93
24,60,-6828.14
24,64,9251.89
7,49,8679.5
3,11,-1438.95
24,71,-616.685
13,47,-1885.57
32,93,8185.3
24,77,6262.72
16,33,-6925.67
24,67,1709.45
29,48,9584.49
24,41,3463.64
15,95,-6251.8
24,43,2065.98
24,93,-4585.79
63,71,2318.16
6,75,5892.94
67,91,-5978.39
24,29,4291.05
24,74,8627.39
73,83,8339.93
11,24,5427.52
19,56,8456.68
5,24,6211.53
11,72,7251.43
70,86,5188.4
24,39,-3039.59
5,11,4294.35
0,24,-8019.56
66,66,3282.53
18,54,3529.78
24,27,5302.84
31,75,7116.92
55,96,-6089.13
24,75,-3148.08
10,59,-5958.71
24,79,9082.99
39,67,-2712.39
24,96,-9811.32
36,59,4159.68
12,91,-5938.14
3,24,8493.04
16,24,7839.76
61,71,-1139.53
24,82,-2277.71
35,96,-9751.17
32,96,8976.3
24,25,7557.93
24,38,-1995.52
15,15,1549.06
46,71,-9162.37
24,30,-986.116
21,32,2684.99
24,24,619.493
48,65,-7390.3
17,48,5069.73
18,78,-8842.33
22,24,-3213.04
29,79,-446.827
45,57,2696.37
15,30,1788.81
22,38,-3865.71
73,87,4900.8
22,99,-6733.29
22,90,4307.25
51,57,1400.76
22,94,-5375.49
22,26,5228.58
22,68,-1959.07
72,96,6179.03
60,74,1455.47
22,64,-5564.74
6,22,2113.52
22,51,3821.77
94,96,-5963.68
22,66,-3053.28
46,72,-5916.93
22,76,-5658.72
30,56,6525.6
20,89,-3427.03
22,50,-2895.46
48,79,8528.72
36,98,2660.65
22,77,-5882.19
22,27,-2086.02
57,76,8862.69
12,33,7871.93
61,84,4236.55
22,46,6801.91
38,96,-288.706
22,32,-4731.74
22,56,6803.03
36,42,1373.89
26,85,-7162.54
22,89,4987.22
22,37,-5653.61
22,60,-1583.66
3,78,-6331.43
22,36,4768.66
22,98,7125.55
35,87,8559.21
37,84,5741.38
16,22,-7452.64
17,86,928.533
48,68,1313.23
22,63,-8572.36
22,74,-2197.83
22,69,-7686.91
17,75,-5914.18
9,22,5670.74
19,70,8488.64
22,43,9255.81
18,57,-7916.63
2,98,480.99
10,22,8372.6
37,65,-3387.32
22,85,5754.63
23,58,-5019.44
11,22,261.872
46,85,-6823.19
22,28,-9978.92
22,62,-1128.08
22,83,-6279.88
22,73,3001.21
7,22,-8294.75
0,22,-1443.37
22,72,3228.38
22,53,-2307.83
40,53,6766.85
22,75,6145.58
8,82,-1479.48
8,99,894.865
22,34,-1630.2
45,68,2234.11
40,48,2790.26
22,81,8912.84
39,62,-8088.18
22,70,9246.52
22,88,-6415.95
22,57,-249.1
29,86,-1654.8
22,45,-7662.35
35,56,-8688.89
16,39,1027.36
22,30,-8580.65
2,22,5163.05
5,76,4265.81
55,67,-6840.66
20,22,-6855.22
8,75,-2688.94
23,52,-1097.31
17,22,2158.86
22,71,-2180.59
22,59,-6014.82
22,79,-9104
22,65,-134.926
37,49,96.888
7,15,-6743.31
22,93,7504.52
22,48,-7650.83
61,75,-7477.71
22,78,7162.11
40,70,634.699
22,82,6428.1
30,35,-5403.25
18,61,3986.92
22,87,1481.89
12,22,-8255.74
18,70,-7489.13
22,52,7575.51
2,27,-9257.15
26,99,-4284.27
4,22,-3597.41
22,42,-503.741
3,22,-9508.63
57,96,573.304
22,84,-9173.57
22,47,-4429.79
0,68,-3385.84
79,91,-485.774
25,27,-8256.24
22,54,8124.45
22,41,1124.13
3,36,-1583.96
22,86,-4717.39
83,83,5162.9
28,77,-9925.91
7,61,-7227.34
22,35,229.486
22,61,-6609.07
22,55,-2026.41
14,22,-3287.73
22,33,-8789.43
43,53,-794.679
22,58,1984.86
22,31,2073.42
8,43,931.461
22,67,-5810.4
37,98,4439.48
33,43,5453.25
22,49,1604.84
18,56,-2084.8
5,30,4931.28
8,22,8976.67
14,48,-5982.01
23,35,-2653.81
5,22,1279.77
13,22,-2044.3
22,91,-4534.9
22,40,-6420.34
65,89,2416.04
3,84,7206.25
22,25,-1334.93
49,69,3247.52
22,23,5358.4
19,22,6806.34
37,88,3217
49,99,-1479.05
21,31,-4146.86
6,28,4134.48
35,67,-7860.01
22,29,5001.81
36,68,-48.1022
47,95,5823.59
10,76,5441.09
22,22,-6186.36
1,8,-4161.74
28,74,-8914.02
1,9,4270.57
1,17,9491.39
66,91,3197.09
1,23,-3220.89
1,18,6195.52
17,73,-3454.39
15,89,8060.29
1,75,6321.52
1,88,7571.65
1,40,4127.47
29,52,1554.92
1,31,-3034.61
1,20,7574.62
15,98,-8746.79
46,77,-8721.12
1,70,4697
1,96,-6543.96
77,95,1553.68
1,63,-7010.95
1,77,9635.31
1,57,6391.36
1,7,3408.52
1,80,2461.81
69,86,-265.556
1,90,-2695.48
1,94,-6856.81
1,21,8656.88
3,25,7597.09
1,2,-798.188
15,41,8443.58
1,36,4811
39,54,-289.306
17,87,-1402.41
26,43,-6925.15
1,11,-4721.24
14,16,9352.36
26,45,3057.57
0,1,7582.48
47,57,-9442.1
1,83,-5658.76
36,64,1214.68
1,38,496.946
1,48,7859.05
74,88,6421.28
37,43,-4851.36
1,56,3352.52
1,15,-6236.56
1,67,-4639.81
19,96,7625.56
32,70,-5101.59
40,77,701.309
1,25,-9910.22
1,45,5683.3
72,85,4806.69
7,68,-9995.23
1,66,-7513.76
8,60,6255.85
90,95,996.252
14,78,6357.94
1,32,-823.767
41,82,6182.39
1,62,1685.95
2,10,4535.22
1,19,5992.77
32,51,-4139.16
2,31,6759.12
1,91,5550.07
2,39,-5369.25
16,87,-4566.29
1,34,-698.975
1,37,9908.97
1,4,-6172.59
1,3,-1886.79
28,72,-4452
1,24,-2636.01
1,49,-9133.8
1,99,6928.02
54,78,-7952.67
1,78,-7965.54
50,93,-9918.24
1,73,9036.63
1,89,-4599.56
1,41,-451.178
21,65,-5914.88
21,37,-6548.12
1,5,-4328.56
1,33,-6138.82
33,71,1268.38
1,47,-3543.58
0,52,2090.76
50,88,6687.1
22,39,-4031.72
1,12,-303.735
1,26,651.323
1,69,6307.46
2,38,3903.24
1,27,6994.03
71,99,1233.54
64,89,9249.94
13,55,-6721.51
1,58,5502.14
11,70,-8538.74
1,61,-607.421
1,86,-6121.24
1,6,400.207
1,81,-5695.4
21,41,-3047.8
52,75,1246.92
1,84,6476.55
0,87,742.778
1,59,6645.82
0,38,3924.49
3,87,1180.07
1,71,-9791.98
47,77,8010.59
5,94,9340.65
1,43,-32.6915
0,59,-8899.46
1,72,2199.97
11,93,7234.7
16,65,7738.21
1,39,7432.89
55,66,-7082.88
1,65,-5788.69
1,76,1881.86
1,64,8794.23
1,60,-7445.39
1,54,4203.28
1,46,-1758.22
1,95,-8900.74
1,87,-9415.66
1,55,4115.04
74,86,-546.833
1,16,2924.24
48,57,-4767.55
4,29,-5686.39
17,89,5069.18
1,85,-6744.38
30,45,6959.96
27,59,-4375.13
1,28,-3794.41
63,90,1109.24
1,35,9246.35
39,78,8155.61
1,30,-5205.29
1,74,2712.83
15,22,-1335.15
1,14,-2410.71
36,72,299.175
1,92,-4581.75
1,51,-9314.34
36,43,9072.7
1,13,2736.62
1,53,3509.08
27,54,2631.76
1,10,897.825
45,74,-4909.47
71,74,1666.45
21,22,8973.02
1,93,5679.96
1,50,4943.84
18,22,2130.4
1,79,-880.371
21,90,2781.43
35,94,3522.3
1,29,-208.016
1,98,-2743.09
1,1,-9874.74
53,81,8915.1
1,44,-3939.64
51,65,2220.14
44,52,8040.43
44,48,-7237.01
44,95,-7352.66
33,39,-1842.13
44,77,-4579.27
44,45,-9457.59
0,44,-8828.75
34,51,-9968.52
10,82,2936.05
8,87,-5912.59
44,81,-1138.08
13,59,-7473.55
6,44,6011.59
51,96,6191.35
91,96,-9919.67
23,44,-6410.56
15,44,6118.91
44,87,5135.66
32,84,6611.03
44,85,8989.47
25,33,-6246.64
58,71,-141.337
21,70,4837.07
21,44,5742.45
20,25,4855.26
83,98,1530.59
21,78,7791.46
33,44,7384.74
52,77,9252.85
10,90,6581.45
44,96,-7829.85
44,93,5654.49
14,44,-9096.58
20,44,6151.94
25,89,8898.35
17,44,9974.48
15,51,6900.31
59,84,-3422.07
1,82,7072.37
37,44,7746.66
43,85,2959.8
44,66,6218.19
36,46,1490.25
44,62,659.053
40,93,-8696.4
44,90,-3957.14
18,62,4345.93
71,81,-2422.42
21,55,3282.15
22,80,-2859.01
12,44,-9646.93
22,44,1529.05
44,73,6356.13
45,55,7272.31
1,52,-6899.36
44,71,-9915.79
3,44,4269.15
37,56,1753.07
30,70,6011.21
44,98,1717.55
13,56,-3582.52
3,12,199.638
44,46,-1990.94
44,91,-7864.62
35,60,-5678.31
58,82,9084.03
44,58,7935.66
19,88,-7067.97
11,44,-8373.6
40,96,430.898
32,44,-7746.68
2,44,-7938.58
42,58,3884.44
44,64,-5573.73
29,35,7145.7
44,51,-9542.55
49,51,-9631.95
38,49,-6402.7
28,44,8380.93
44,88,7148.87
37,93,4711.66
17,62,-9014.8
44,55,-8980.94
78,89,-6094.88
9,44,3623.91
37,39,-6076.84
44,83,-1012.69
35,61,-7434.17
44,49,-140.022
20,58,538.222
59,96,-8952
44,82,-1694.34
39,44,7867.88
1,42,5055.74
44,70,-1918.89
22,96,-8687.25
44,76,-9044.6
63,73,-772.388
12,83,5813.45
10,44,3660.81
24,68,-4589.42
8,44,2526.7
91,93,-8987.97
44,47,3410.84
44,94,3526.28
44,99,-6102.12
45,84,4926.64
34,44,4383.54
17,99,-2820.02
47,84,-1204.05
44,86,-7132.63
5,44,3829.53
13,44,-3152.01
11,94,-1194.87
4,44,6850.11
18,93,-6255.31
44,63,-1304.83
14,42,2747.14
29,44,-9916.72
90,91,4886.24
44,92,3072.55
69,70,-1902.63
44,84,-9845.08
16,68,2942.58
36,44,-6655.99
44,78,7342.62
63,68,7098.95
5,6,-3037.93
24,57,-8817.8
22,92,-1999.73
44,65,2538.27
66,82,1529.39
15,37,-2633.35
7,44,5956.2
14,25,-9945.91
44,59,-1063.16
2,5,-5334.8
2,77,-5973.13
42,71,7326.38
31,44,4128.82
9,87,8346.47
44,67,-4511.88
60,65,-6007.77
44,72,5110.73
44,75,-1280.71
11,53,6918.32
28,28,500.892
43,44,6902.08
40,44,-7120.74
44,74,-8111.62
44,50,-2563.33
44,54,-430.08
50,79,-1804.91
44,60,2797.22
64,82,-2085.45
67,87,-4849.64
19,44,-6794.59
44,68,-9875.95
9,50,-8908.81
44,61,-3165.17
0,64,-416.175
46,78,-9682.8
25,44,2908.18
56,58,-5259.09
44,57,-9863.89
44,89,6845.38
8,46,-3142.22
3,29,6072.2
44,80,-8766.3
44,69,-1525.8
58,62,233.203
42,44,369.966
63,76,-9611.06
38,44,6465.43
44,56,2939.47
16,44,-562.503
5,13,-9681.76
25,75,-7210.2
31,57,4508.43
24,44,-7501.92
18,44,8590.01
27,44,6784.29
77,83,-2505.73
35,44,-5825.47
30,44,-846.784
41,44,-1208.6
44,53,2790.32
44,44,-8841.31
64,69,-5494.64
45,97,3769.68
16,36,-6576.33
23,73,-2394.62
93,97,-7064.55
10,43,8700.13
47,97,7208.36
26,35,-3316.16
22,95,-8882.68
3,97,4556.07
66,90,1857.48
67,97,9524.97
30,67,6579.92
87,93,4902.03
46,97,328.592
39,97,-5957.83
14,14,-6483.22
83,97,-3256.45
60,97,-9041.98
5,45,-6516.3
19,97,-4665.33
27,72,9511.58
7,28,-7844.17
81,97,8778.41
30,92,-1526.76
15,97,6248
75,99,-1203.97
30,63,-5882
6,97,-7284.49
30,64,-1294.37
96,97,-8094.68
12,87,9464.59
49,97,5753.9
28,97,3707.09
4,75,-5271.54
43,91,9238.79
34,97,8746.37
27,34,-8742.98
58,83,-4910.38
87,98,6184.27
44,79,-4200.66
62,97,4531.85
3,17,-7815.93
40,85,-9174.54
77,97,4213.77
55,97,7007.82
35,75,585.343
20,97,7951.18
29,34,4478.23
19,31,-4349.73
30,30,-8743.7
7,96,3310.25
86,97,-6347.79
49,79,-7792.45
75,94,-1630.66
1,68,3853.89
25,97,-3388.23
3,21,4013.19
50,97,-8514.19
9,38,6635.59
3,82,8621.65
16,23,-8149.37
0,97,4294.18
59,70,7282.64
12,45,1657.53
63,97,3689.75
37,77,3849.29
4,14,4704.4
40,71,-4313.55
26,97,8907.94
1,97,8379.97
12,50,-4294.17
26,44,-4373.75
95,97,80.1618
5,73,-1767.5
64,97,-2861.01
37,97,1913.55
17,69,8554.25
75,81,-5465.2
43,57,289.678
7,97,-211.041
5,79,-8980.02
79,97,8657.89
16,69,2319.09
10,77,4445.06
4,97,-1171.22
42,97,-6412.57
15,18,-5322.38
10,62,8267.42
82,97,-5501.08
52,97,6425.84
87,97,810.689
61,97,5090.3
10,48,4333.23
7,88,-4083.91
23,75,-7425.81
88,97,-7373.82
68,88,6092.9
53,97,-5441.05
20,85,7605.66
13,43,-4865.11
71,97,2572.01
35,97,-1718.64
7,30,694.847
70,94,5626.9
5,97,7082.14
69,94,-9743.45
90,97,3838.61
24,97,-5121.47
68,97,3723.69
31,70,-2145.99
38,97,-8447.73
15,56,-8512.84
33,97,1697.8
89,97,-2110.52
33,77,-7492.56
97,98,9875.26
37,38,-9154.47
73,74,-9268.16
84,97,2700.16
11,26,3033.32
31,97,-3037.95
78,97,-6309.36
45,52,-588.721
29,72,7091.83
58,97,9786.8
9,84,3536.78
27,97,1930.4
23,97,4665.92
47,98,539.939
40,60,6300.15
13,97,9908.74
40,97,-6103.02
21,51,-1361.7
53,87,-8101.32
2,97,-8020.76
51,52,-2854.1
94,97,-9038.4
66,84,8808.13
55,71,4440.46
66,97,-1143.71
25,41,-7352.77
70,97,-1391.36
75,97,-6509.97
21,29,3262.23
36,50,-9050.81
48,97,-7424.73
18,97,-2223.5
0,21,1863.21
14,97,-4672.06
56,97,-6708.02
64,88,5982.53
10,97,2655.71
76,97,3498.3
4,95,9227.65
12,97,2391.37
77,85,-6790.93
35,89,-7501.51
65,97,5739.95
62,89,2107.64
8,97,3582.51
16,97,-8551.43
9,97,4437.67
11,97,-2817.3
74,97,1218.77
54,97,-2786.92
41,97,1530.28
56,56,7481.07
18,94,-5223.98
36,97,-4601.52
52,63,9722.85
6,95,8027.82
5,40,8385.14
73,97,-8098.37
54,85,-880.679
58,68,1077.71
21,97,8430.95
62,82,9360.61
30,97,3300.95
17,97,-9646.96
35,70,3401.55
91,97,1522.38
18,39,3855.67
18,38,4758.41
59,97,3819.45
4,70,5985.92
32,97,-9876.07
13,29,8438.18
51,97,-1498.75
81,94,-125.73
97,99,991.934
43,97,5838.44
92,97,-1982.01
49,68,6095.03
6,50,6679.29
13,70,-8156.18
72,97,2511.31
91,91,1990.23
53,56,-8075.78
17,78,-6558.63
29,97,4931.93
22,97,-4939.97
78,79,5873.22
85,97,-8786.17
7,13,6262.22
69,97,-1075.48
24,70,7358.92
80,97,-6094.28
57,97,-5531.72
18,91,-3286.49
97,97,-9226.48
